-- phpMyAdmin SQL Dump
-- version 4.7.4
-- https://www.phpmyadmin.net/
--
-- Host: 127.0.0.1:3306
-- Generation Time: Sep 26, 2019 at 07:49 AM
-- Server version: 5.7.19
-- PHP Version: 7.1.9

SET SQL_MODE = "NO_AUTO_VALUE_ON_ZERO";
SET AUTOCOMMIT = 0;
START TRANSACTION;
SET time_zone = "+00:00";


/*!40101 SET @OLD_CHARACTER_SET_CLIENT=@@CHARACTER_SET_CLIENT */;
/*!40101 SET @OLD_CHARACTER_SET_RESULTS=@@CHARACTER_SET_RESULTS */;
/*!40101 SET @OLD_COLLATION_CONNECTION=@@COLLATION_CONNECTION */;
/*!40101 SET NAMES utf8mb4 */;

--
-- Database: `gradebook`
--

-- --------------------------------------------------------

--
-- Table structure for table `admin`
--

DROP TABLE IF EXISTS `admin`;
CREATE TABLE IF NOT EXISTS `admin` (
  `id` int(10) UNSIGNED NOT NULL AUTO_INCREMENT,
  `first_name` varchar(255) COLLATE utf8_unicode_ci NOT NULL,
  `last_name` varchar(255) COLLATE utf8_unicode_ci NOT NULL,
  `user_id` int(11) NOT NULL,
  PRIMARY KEY (`id`),
  KEY `user_id` (`user_id`)
) ENGINE=InnoDB AUTO_INCREMENT=3 DEFAULT CHARSET=utf8 COLLATE=utf8_unicode_ci;

--
-- Dumping data for table `admin`
--

INSERT INTO `admin` (`id`, `first_name`, `last_name`, `user_id`) VALUES
(1, 'Sasa', 'Matic', 63);

-- --------------------------------------------------------

--
-- Table structure for table `direktor`
--

DROP TABLE IF EXISTS `direktor`;
CREATE TABLE IF NOT EXISTS `direktor` (
  `id` int(10) UNSIGNED NOT NULL AUTO_INCREMENT,
  `first_name` varchar(255) COLLATE utf8_unicode_ci NOT NULL,
  `last_name` varchar(255) COLLATE utf8_unicode_ci NOT NULL,
  `user_id` int(11) NOT NULL,
  PRIMARY KEY (`id`),
  KEY `user_id` (`user_id`)
) ENGINE=InnoDB AUTO_INCREMENT=2 DEFAULT CHARSET=utf8 COLLATE=utf8_unicode_ci;

--
-- Dumping data for table `direktor`
--

INSERT INTO `direktor` (`id`, `first_name`, `last_name`, `user_id`) VALUES
(1, 'Teodosije', 'Pantovic', 64);

-- --------------------------------------------------------

--
-- Table structure for table `ocene`
--

DROP TABLE IF EXISTS `ocene`;
CREATE TABLE IF NOT EXISTS `ocene` (
  `id` int(11) NOT NULL AUTO_INCREMENT,
  `ucenik_id` int(11) NOT NULL,
  `predmet_id` int(11) NOT NULL,
  `ocena` text COLLATE utf8_unicode_ci,
  PRIMARY KEY (`id`),
  KEY `predmet_id` (`predmet_id`),
  KEY `ucenik_id` (`ucenik_id`)
) ENGINE=InnoDB AUTO_INCREMENT=523 DEFAULT CHARSET=utf8 COLLATE=utf8_unicode_ci;

--
-- Dumping data for table `ocene`
--

INSERT INTO `ocene` (`id`, `ucenik_id`, `predmet_id`, `ocena`) VALUES
(1, 4, 14, '{\"Ocene\": [\"\", \"\", \"\", \"\"], \"Zakljucna\": [\"\"]}'),
(2, 5, 14, '{\"Ocene\": [\"\", \"\", \"\", \"\"], \"Zakljucna\": [\"\"]}'),
(3, 15, 14, '{\"Ocene\": [\"\", \"\", \"\", \"\"], \"Zakljucna\": [\"\"]}'),
(4, 4, 12, '{\"Ocene\": [\"2\", \"1\", \"1\", \"4\"], \"Zakljucna\": [\"null\"]}'),
(5, 5, 12, '{\"Ocene\": [\"2\", \"1\", \"1\", \"4\"], \"Zakljucna\": [\"null\"]}'),
(6, 15, 12, '{\"Ocene\": [\"2\", \"1\", \"1\", \"4\"], \"Zakljucna\": [\"null\"]}'),
(19, 6, 1, '{\"Ocene\": [\"2\", \"null\", \"null\", \"null\"], \"Zakljucna\": [\"null\"]}'),
(20, 6, 2, '{\"Ocene\": [\"2\", \"null\", \"null\", \"null\"], \"Zakljucna\": [\"null\"]}'),
(21, 6, 3, '{\"Ocene\": [\"2\", \"null\", \"null\", \"null\"], \"Zakljucna\": [\"null\"]}'),
(22, 6, 4, '{\"Ocene\": [\"2\", \"null\", \"null\", \"null\"], \"Zakljucna\": [\"null\"]}'),
(23, 7, 1, '{\"Ocene\": [\"2\", \"null\", \"null\", \"null\"], \"Zakljucna\": [\"null\"]}'),
(24, 7, 2, '{\"Ocene\": [\"2\", \"null\", \"null\", \"null\"], \"Zakljucna\": [\"null\"]}'),
(25, 7, 3, '{\"Ocene\": [\"2\", \"null\", \"null\", \"null\"], \"Zakljucna\": [\"null\"]}'),
(26, 7, 4, '{\"Ocene\": [\"2\", \"null\", \"null\", \"null\"], \"Zakljucna\": [\"null\"]}'),
(27, 8, 1, '{\"Ocene\": [\"2\", \"null\", \"null\", \"null\"], \"Zakljucna\": [\"null\"]}'),
(28, 8, 2, '{\"Ocene\": [\"2\", \"null\", \"null\", \"null\"], \"Zakljucna\": [\"null\"]}'),
(29, 8, 3, '{\"Ocene\": [\"2\", \"null\", \"null\", \"null\"], \"Zakljucna\": [\"null\"]}'),
(30, 8, 4, '{\"Ocene\": [\"2\", \"null\", \"null\", \"null\"], \"Zakljucna\": [\"null\"]}'),
(55, 16, 14, '{\"Ocene\": [\"2\", \"1\", \"\", \"\"], \"Zakljucna\": [\"\"]}'),
(56, 16, 6, '{\"Ocene\": [\"2\", \"null\", \"null\", \"null\"], \"Zakljucna\": [\"null\"]}'),
(57, 16, 2, '{\"Ocene\": [\"2\", \"null\", \"null\", \"null\"], \"Zakljucna\": [\"null\"]}'),
(58, 16, 12, '{\"Ocene\": [\"2\", \"null\", \"null\", \"null\"], \"Zakljucna\": [\"null\"]}'),
(59, 17, 14, '{\"Ocene\": [\"2\", \"null\", \"null\", \"null\"], \"Zakljucna\": [\"null\"]}'),
(60, 17, 6, '{\"Ocene\": [\"2\", \"null\", \"null\", \"null\"], \"Zakljucna\": [\"null\"]}'),
(61, 17, 2, '{\"Ocene\": [\"2\", \"null\", \"null\", \"null\"], \"Zakljucna\": [\"null\"]}'),
(62, 17, 12, '{\"Ocene\": [\"2\", \"null\", \"null\", \"null\"], \"Zakljucna\": [\"null\"]}'),
(63, 18, 14, '{\"Ocene\": [\"2\", \"null\", \"null\", \"null\"], \"Zakljucna\": [\"null\"]}'),
(64, 18, 6, '{\"Ocene\": [\"2\", \"null\", \"null\", \"null\"], \"Zakljucna\": [\"null\"]}'),
(65, 18, 2, '{\"Ocene\": [\"2\", \"null\", \"null\", \"null\"], \"Zakljucna\": [\"null\"]}'),
(66, 18, 12, '{\"Ocene\": [\"2\", \"null\", \"null\", \"null\"], \"Zakljucna\": [\"null\"]}'),
(70, 11, 12, '{\"Ocene\": [\"2\", \"null\", \"null\", \"null\"], \"Zakljucna\": [\"null\"]}'),
(71, 4, 6, '{\"Ocene\": [\"2\", \"null\", \"null\", \"null\"], \"Zakljucna\": [\"null\"]}'),
(72, 4, 2, '{\"Ocene\": [\"2\", \"null\", \"null\", \"null\"], \"Zakljucna\": [\"null\"]}'),
(73, 5, 2, '{\"Ocene\": [\"2\", \"null\", \"null\", \"null\"], \"Zakljucna\": [\"null\"]}'),
(74, 5, 6, '{\"Ocene\": [\"2\", \"null\", \"null\", \"null\"], \"Zakljucna\": [\"null\"]}'),
(75, 15, 6, '{\"Ocene\": [\"2\", \"null\", \"null\", \"null\"], \"Zakljucna\": [\"null\"]}'),
(76, 15, 2, '{\"Ocene\": [\"2\", \"null\", \"null\", \"null\"], \"Zakljucna\": [\"null\"]}'),
(77, 8, 5, '{\"Ocene\": [\"\", \"\", \"\", \"\"], \"Zakljucna\": [\"null\"]}'),
(78, 8, 6, '{\"Ocene\": [\"\", \"\", \"\", \"\"], \"Zakljucna\": [\"null\"]}'),
(79, 8, 7, '{\"Ocene\": [\"\", \"\", \"\", \"\"], \"Zakljucna\": [\"null\"]}'),
(80, 6, 5, '{\"Ocene\": [\"\", \"\", \"\", \"\"], \"Zakljucna\": [\"null\"]}'),
(81, 6, 6, '{\"Ocene\": [\"\", \"\", \"\", \"\"], \"Zakljucna\": [\"null\"]}'),
(82, 6, 7, '{\"Ocene\": [\"\", \"\", \"\", \"\"], \"Zakljucna\": [\"null\"]}'),
(83, 7, 5, '{\"Ocene\": [\"\", \"\", \"\", \"\"], \"Zakljucna\": [\"null\"]}'),
(84, 7, 6, '{\"Ocene\": [\"\", \"\", \"\", \"\"], \"Zakljucna\": [\"null\"]}'),
(85, 7, 7, '{\"Ocene\": [\"\", \"\", \"\", \"\"], \"Zakljucna\": [\"null\"]}'),
(95, 12, 1, '{\"Ocene\": [\"\", \"\", \"\", \"\"], \"Zakljucna\": [\"\"]}'),
(96, 12, 2, '{\"Ocene\": [\"\", \"\", \"\", \"\"], \"Zakljucna\": [\"\"]}'),
(97, 12, 3, '{\"Ocene\": [\"\", \"\", \"\", \"\"], \"Zakljucna\": [\"\"]}'),
(98, 12, 4, '{\"Ocene\": [\"\", \"\", \"\", \"\"], \"Zakljucna\": [\"\"]}'),
(99, 12, 5, '{\"Ocene\": [\"\", \"\", \"\", \"\"], \"Zakljucna\": [\"\"]}'),
(100, 12, 6, '{\"Ocene\": [\"\", \"\", \"\", \"\"], \"Zakljucna\": [\"\"]}'),
(101, 12, 7, '{\"Ocene\": [\"\", \"\", \"\", \"\"], \"Zakljucna\": [\"\"]}'),
(102, 13, 1, '{\"Ocene\": [\"\", \"\", \"\", \"\"], \"Zakljucna\": [\"null\"]}'),
(103, 13, 2, '{\"Ocene\": [\"\", \"\", \"\", \"\"], \"Zakljucna\": [\"null\"]}'),
(104, 13, 3, '{\"Ocene\": [\"\", \"\", \"\", \"\"], \"Zakljucna\": [\"null\"]}'),
(105, 13, 4, '{\"Ocene\": [\"\", \"\", \"\", \"\"], \"Zakljucna\": [\"null\"]}'),
(106, 13, 5, '{\"Ocene\": [\"\", \"\", \"\", \"\"], \"Zakljucna\": [\"null\"]}'),
(107, 13, 6, '{\"Ocene\": [\"\", \"\", \"\", \"\"], \"Zakljucna\": [\"null\"]}'),
(108, 13, 7, '{\"Ocene\": [\"\", \"\", \"\", \"\"], \"Zakljucna\": [\"null\"]}'),
(109, 14, 1, '{\"Ocene\": [\"\", \"\", \"\", \"\"], \"Zakljucna\": [\"\"]}'),
(110, 14, 2, '{\"Ocene\": [\"\", \"\", \"\", \"\"], \"Zakljucna\": [\"\"]}'),
(111, 14, 3, '{\"Ocene\": [\"\", \"\", \"\", \"\"], \"Zakljucna\": [\"\"]}'),
(112, 14, 4, '{\"Ocene\": [\"\", \"\", \"\", \"\"], \"Zakljucna\": [\"\"]}'),
(113, 14, 5, '{\"Ocene\": [\"\", \"\", \"\", \"\"], \"Zakljucna\": [\"\"]}'),
(114, 14, 6, '{\"Ocene\": [\"\", \"\", \"\", \"\"], \"Zakljucna\": [\"\"]}'),
(115, 14, 7, '{\"Ocene\": [\"\", \"\", \"\", \"\"], \"Zakljucna\": [\"\"]}'),
(116, 63, 1, '{\"Ocene\": [\"\", \"\", \"\", \"\"], \"Zakljucna\": [\"\"]}'),
(117, 63, 2, '{\"Ocene\": [\"\", \"\", \"\", \"\"], \"Zakljucna\": [\"\"]}'),
(118, 63, 4, '{\"Ocene\": [\"\", \"\", \"\", \"\"], \"Zakljucna\": [\"\"]}'),
(119, 63, 5, '{\"Ocene\": [\"\", \"\", \"\", \"\"], \"Zakljucna\": [\"\"]}'),
(120, 63, 6, '{\"Ocene\": [\"\", \"\", \"\", \"\"], \"Zakljucna\": [\"\"]}'),
(121, 63, 7, '{\"Ocene\": [\"\", \"\", \"\", \"\"], \"Zakljucna\": [\"\"]}'),
(122, 63, 8, '{\"Ocene\": [\"\", \"\", \"\", \"\"], \"Zakljucna\": [\"\"]}'),
(123, 63, 9, '{\"Ocene\": [\"\", \"\", \"\", \"\"], \"Zakljucna\": [\"\"]}'),
(124, 63, 11, '{\"Ocene\": [\"\", \"\", \"\", \"\"], \"Zakljucna\": [\"\"]}'),
(125, 63, 13, '{\"Ocene\": [\"\", \"\", \"\", \"\"], \"Zakljucna\": [\"\"]}'),
(126, 63, 14, '{\"Ocene\": [\"\", \"\", \"\", \"\"], \"Zakljucna\": [\"\"]}'),
(127, 64, 1, '{\"Ocene\": [\"\", \"\", \"\", \"\"], \"Zakljucna\": [\"\"]}'),
(128, 64, 2, '{\"Ocene\": [\"\", \"\", \"\", \"\"], \"Zakljucna\": [\"\"]}'),
(129, 64, 4, '{\"Ocene\": [\"\", \"\", \"\", \"\"], \"Zakljucna\": [\"\"]}'),
(130, 64, 5, '{\"Ocene\": [\"\", \"\", \"\", \"\"], \"Zakljucna\": [\"\"]}'),
(131, 64, 6, '{\"Ocene\": [\"\", \"\", \"\", \"\"], \"Zakljucna\": [\"\"]}'),
(132, 64, 7, '{\"Ocene\": [\"\", \"\", \"\", \"\"], \"Zakljucna\": [\"\"]}'),
(133, 64, 8, '{\"Ocene\": [\"\", \"\", \"\", \"\"], \"Zakljucna\": [\"\"]}'),
(134, 64, 9, '{\"Ocene\": [\"\", \"\", \"\", \"\"], \"Zakljucna\": [\"\"]}'),
(135, 64, 11, '{\"Ocene\": [\"\", \"\", \"\", \"\"], \"Zakljucna\": [\"\"]}'),
(136, 64, 13, '{\"Ocene\": [\"\", \"\", \"\", \"\"], \"Zakljucna\": [\"\"]}'),
(137, 64, 14, '{\"Ocene\": [\"\", \"\", \"\", \"\"], \"Zakljucna\": [\"\"]}'),
(138, 65, 1, '{\"Ocene\": [\"\", \"\", \"\", \"\"], \"Zakljucna\": [\"\"]}'),
(139, 65, 2, '{\"Ocene\": [\"\", \"\", \"\", \"\"], \"Zakljucna\": [\"\"]}'),
(140, 65, 4, '{\"Ocene\": [\"\", \"\", \"\", \"\"], \"Zakljucna\": [\"\"]}'),
(141, 65, 5, '{\"Ocene\": [\"\", \"\", \"\", \"\"], \"Zakljucna\": [\"\"]}'),
(142, 65, 6, '{\"Ocene\": [\"\", \"\", \"\", \"\"], \"Zakljucna\": [\"\"]}'),
(143, 65, 7, '{\"Ocene\": [\"\", \"\", \"\", \"\"], \"Zakljucna\": [\"\"]}'),
(144, 65, 8, '{\"Ocene\": [\"\", \"\", \"\", \"\"], \"Zakljucna\": [\"\"]}'),
(145, 65, 9, '{\"Ocene\": [\"\", \"\", \"\", \"\"], \"Zakljucna\": [\"\"]}'),
(146, 65, 11, '{\"Ocene\": [\"\", \"\", \"\", \"\"], \"Zakljucna\": [\"\"]}'),
(147, 65, 13, '{\"Ocene\": [\"\", \"\", \"\", \"\"], \"Zakljucna\": [\"\"]}'),
(148, 65, 14, '{\"Ocene\": [\"\", \"\", \"\", \"\"], \"Zakljucna\": [\"\"]}'),
(149, 66, 1, '{\"Ocene\": [\"\", \"\", \"\", \"\"], \"Zakljucna\": [\"\"]}'),
(150, 66, 2, '{\"Ocene\": [\"\", \"\", \"\", \"\"], \"Zakljucna\": [\"\"]}'),
(151, 66, 4, '{\"Ocene\": [\"\", \"\", \"\", \"\"], \"Zakljucna\": [\"\"]}'),
(152, 66, 5, '{\"Ocene\": [\"\", \"\", \"\", \"\"], \"Zakljucna\": [\"\"]}'),
(153, 66, 6, '{\"Ocene\": [\"\", \"\", \"\", \"\"], \"Zakljucna\": [\"\"]}'),
(154, 66, 7, '{\"Ocene\": [\"\", \"\", \"\", \"\"], \"Zakljucna\": [\"\"]}'),
(155, 66, 8, '{\"Ocene\": [\"\", \"\", \"\", \"\"], \"Zakljucna\": [\"\"]}'),
(156, 66, 9, '{\"Ocene\": [\"\", \"\", \"\", \"\"], \"Zakljucna\": [\"\"]}'),
(157, 66, 11, '{\"Ocene\": [\"\", \"\", \"\", \"\"], \"Zakljucna\": [\"\"]}'),
(158, 66, 13, '{\"Ocene\": [\"\", \"\", \"\", \"\"], \"Zakljucna\": [\"\"]}'),
(159, 66, 14, '{\"Ocene\": [\"\", \"\", \"\", \"\"], \"Zakljucna\": [\"\"]}'),
(160, 67, 1, '{\"Ocene\": [\"\", \"\", \"\", \"\"], \"Zakljucna\": [\"\"]}'),
(161, 67, 2, '{\"Ocene\": [\"\", \"\", \"\", \"\"], \"Zakljucna\": [\"\"]}'),
(162, 67, 4, '{\"Ocene\": [\"\", \"\", \"\", \"\"], \"Zakljucna\": [\"\"]}'),
(163, 67, 5, '{\"Ocene\": [\"\", \"\", \"\", \"\"], \"Zakljucna\": [\"\"]}'),
(164, 67, 6, '{\"Ocene\": [\"\", \"\", \"\", \"\"], \"Zakljucna\": [\"\"]}'),
(165, 67, 7, '{\"Ocene\": [\"\", \"\", \"\", \"\"], \"Zakljucna\": [\"\"]}'),
(166, 67, 8, '{\"Ocene\": [\"\", \"\", \"\", \"\"], \"Zakljucna\": [\"\"]}'),
(167, 67, 9, '{\"Ocene\":[\"1\",\"\",\"\",\"\"],\"Zakljucna\":[\"\"]}'),
(168, 67, 11, '{\"Ocene\": [\"\", \"\", \"\", \"\"], \"Zakljucna\": [\"\"]}'),
(169, 67, 13, '{\"Ocene\": [\"\", \"\", \"\", \"\"], \"Zakljucna\": [\"\"]}'),
(170, 67, 14, '{\"Ocene\": [\"4\", \"\", \"\", \"\"], \"Zakljucna\": [\"\"]}'),
(171, 68, 1, '{\"Ocene\": [\"\", \"\", \"\", \"\"], \"Zakljucna\": [\"\"]}'),
(172, 68, 2, '{\"Ocene\": [\"\", \"\", \"\", \"\"], \"Zakljucna\": [\"\"]}'),
(173, 68, 3, '{\"Ocene\": [\"\", \"\", \"\", \"\"], \"Zakljucna\": [\"\"]}'),
(174, 68, 4, '{\"Ocene\": [\"\", \"\", \"\", \"\"], \"Zakljucna\": [\"\"]}'),
(175, 68, 5, '{\"Ocene\": [\"\", \"\", \"\", \"\"], \"Zakljucna\": [\"\"]}'),
(176, 68, 6, '{\"Ocene\": [\"\", \"\", \"\", \"\"], \"Zakljucna\": [\"\"]}'),
(177, 68, 7, '{\"Ocene\": [\"\", \"\", \"\", \"\"], \"Zakljucna\": [\"\"]}'),
(178, 69, 1, '{\"Ocene\": [\"1\", \"2\", \"\", \"\"], \"Zakljucna\": [\"5\"]}'),
(179, 69, 2, '{\"Ocene\": [\"\", \"\", \"\", \"\"], \"Zakljucna\": [\"\"]}'),
(180, 69, 3, '{\"Ocene\": [\"\", \"\", \"\", \"\"], \"Zakljucna\": [\"\"]}'),
(181, 69, 4, '{\"Ocene\": [\"\", \"\", \"\", \"\"], \"Zakljucna\": [\"\"]}'),
(182, 69, 5, '{\"Ocene\": [\"\", \"\", \"\", \"\"], \"Zakljucna\": [\"\"]}'),
(183, 69, 6, '{\"Ocene\": [\"\", \"\", \"\", \"\"], \"Zakljucna\": [\"\"]}'),
(184, 69, 7, '{\"Ocene\": [\"\", \"\", \"\", \"\"], \"Zakljucna\": [\"\"]}'),
(185, 70, 1, '{\"Ocene\": [\"\", \"\", \"\", \"\"], \"Zakljucna\": [\"\"]}'),
(186, 70, 2, '{\"Ocene\": [\"\", \"\", \"\", \"\"], \"Zakljucna\": [\"\"]}'),
(187, 70, 3, '{\"Ocene\": [\"\", \"\", \"\", \"\"], \"Zakljucna\": [\"\"]}'),
(188, 70, 4, '{\"Ocene\": [\"\", \"\", \"\", \"\"], \"Zakljucna\": [\"\"]}'),
(189, 70, 5, '{\"Ocene\": [\"\", \"\", \"\", \"\"], \"Zakljucna\": [\"\"]}'),
(190, 70, 6, '{\"Ocene\": [\"\", \"\", \"\", \"\"], \"Zakljucna\": [\"\"]}'),
(191, 70, 7, '{\"Ocene\": [\"\", \"\", \"\", \"\"], \"Zakljucna\": [\"\"]}'),
(192, 71, 1, '{\"Ocene\": [\"\", \"\", \"\", \"\"], \"Zakljucna\": [\"\"]}'),
(193, 71, 2, '{\"Ocene\": [\"\", \"\", \"\", \"\"], \"Zakljucna\": [\"\"]}'),
(194, 71, 3, '{\"Ocene\": [\"\", \"\", \"\", \"\"], \"Zakljucna\": [\"\"]}'),
(195, 71, 4, '{\"Ocene\": [\"\", \"\", \"\", \"\"], \"Zakljucna\": [\"\"]}'),
(196, 71, 5, '{\"Ocene\": [\"\", \"\", \"\", \"\"], \"Zakljucna\": [\"\"]}'),
(197, 71, 6, '{\"Ocene\": [\"\", \"\", \"\", \"\"], \"Zakljucna\": [\"\"]}'),
(198, 71, 7, '{\"Ocene\": [\"\", \"\", \"\", \"\"], \"Zakljucna\": [\"\"]}'),
(199, 72, 1, '{\"Ocene\": [\"\", \"\", \"\", \"\"], \"Zakljucna\": [\"\"]}'),
(200, 72, 2, '{\"Ocene\": [\"\", \"\", \"\", \"\"], \"Zakljucna\": [\"\"]}'),
(201, 72, 3, '{\"Ocene\": [\"\", \"\", \"\", \"\"], \"Zakljucna\": [\"\"]}'),
(202, 72, 4, '{\"Ocene\": [\"\", \"\", \"\", \"\"], \"Zakljucna\": [\"\"]}'),
(203, 72, 5, '{\"Ocene\": [\"\", \"\", \"\", \"\"], \"Zakljucna\": [\"\"]}'),
(204, 72, 6, '{\"Ocene\": [\"\", \"\", \"\", \"\"], \"Zakljucna\": [\"\"]}'),
(205, 72, 7, '{\"Ocene\": [\"\", \"\", \"\", \"\"], \"Zakljucna\": [\"\"]}'),
(206, 73, 1, '{\"Ocene\": [\"\", \"\", \"\", \"\"], \"Zakljucna\": [\"\"]}'),
(207, 73, 2, '{\"Ocene\": [\"\", \"\", \"\", \"\"], \"Zakljucna\": [\"\"]}'),
(208, 73, 3, '{\"Ocene\": [\"\", \"\", \"\", \"\"], \"Zakljucna\": [\"\"]}'),
(209, 73, 4, '{\"Ocene\": [\"\", \"\", \"\", \"\"], \"Zakljucna\": [\"\"]}'),
(210, 73, 5, '{\"Ocene\": [\"\", \"\", \"\", \"\"], \"Zakljucna\": [\"\"]}'),
(211, 73, 6, '{\"Ocene\": [\"\", \"\", \"\", \"\"], \"Zakljucna\": [\"\"]}'),
(212, 73, 7, '{\"Ocene\": [\"\", \"\", \"\", \"\"], \"Zakljucna\": [\"\"]}'),
(213, 74, 1, '{\"Ocene\": [\"\", \"\", \"\", \"\"], \"Zakljucna\": [\"\"]}'),
(214, 74, 2, '{\"Ocene\": [\"\", \"\", \"\", \"\"], \"Zakljucna\": [\"\"]}'),
(215, 74, 3, '{\"Ocene\": [\"\", \"\", \"\", \"\"], \"Zakljucna\": [\"\"]}'),
(216, 74, 4, '{\"Ocene\": [\"\", \"\", \"\", \"\"], \"Zakljucna\": [\"\"]}'),
(217, 74, 5, '{\"Ocene\": [\"\", \"\", \"\", \"\"], \"Zakljucna\": [\"\"]}'),
(218, 74, 6, '{\"Ocene\": [\"\", \"\", \"\", \"\"], \"Zakljucna\": [\"\"]}'),
(219, 74, 7, '{\"Ocene\": [\"\", \"\", \"\", \"\"], \"Zakljucna\": [\"\"]}'),
(220, 75, 1, '{\"Ocene\": [\"\", \"\", \"\", \"\"], \"Zakljucna\": [\"\"]}'),
(221, 75, 2, '{\"Ocene\": [\"\", \"\", \"\", \"\"], \"Zakljucna\": [\"\"]}'),
(222, 75, 3, '{\"Ocene\": [\"\", \"\", \"\", \"\"], \"Zakljucna\": [\"\"]}'),
(223, 75, 4, '{\"Ocene\": [\"\", \"\", \"\", \"\"], \"Zakljucna\": [\"\"]}'),
(224, 75, 5, '{\"Ocene\": [\"\", \"\", \"\", \"\"], \"Zakljucna\": [\"\"]}'),
(225, 75, 6, '{\"Ocene\": [\"\", \"\", \"\", \"\"], \"Zakljucna\": [\"\"]}'),
(226, 75, 7, '{\"Ocene\": [\"\", \"\", \"\", \"\"], \"Zakljucna\": [\"\"]}'),
(227, 76, 1, '{\"Ocene\": [\"\", \"\", \"\", \"\"], \"Zakljucna\": [\"\"]}'),
(228, 76, 2, '{\"Ocene\": [\"\", \"\", \"\", \"\"], \"Zakljucna\": [\"\"]}'),
(229, 76, 3, '{\"Ocene\": [\"\", \"\", \"\", \"\"], \"Zakljucna\": [\"\"]}'),
(230, 76, 4, '{\"Ocene\": [\"\", \"\", \"\", \"\"], \"Zakljucna\": [\"\"]}'),
(231, 76, 5, '{\"Ocene\": [\"\", \"\", \"\", \"\"], \"Zakljucna\": [\"\"]}'),
(232, 76, 6, '{\"Ocene\": [\"\", \"\", \"\", \"\"], \"Zakljucna\": [\"\"]}'),
(233, 76, 7, '{\"Ocene\": [\"\", \"\", \"\", \"\"], \"Zakljucna\": [\"\"]}'),
(234, 77, 1, '{\"Ocene\": [\"\", \"\", \"\", \"\"], \"Zakljucna\": [\"\"]}'),
(235, 77, 2, '{\"Ocene\": [\"\", \"\", \"\", \"\"], \"Zakljucna\": [\"\"]}'),
(236, 77, 3, '{\"Ocene\": [\"\", \"\", \"\", \"\"], \"Zakljucna\": [\"\"]}'),
(237, 77, 4, '{\"Ocene\": [\"\", \"\", \"\", \"\"], \"Zakljucna\": [\"\"]}'),
(238, 77, 5, '{\"Ocene\": [\"\", \"\", \"\", \"\"], \"Zakljucna\": [\"\"]}'),
(239, 77, 6, '{\"Ocene\": [\"\", \"\", \"\", \"\"], \"Zakljucna\": [\"\"]}'),
(240, 77, 7, '{\"Ocene\": [\"\", \"\", \"\", \"\"], \"Zakljucna\": [\"\"]}'),
(241, 78, 1, '{\"Ocene\": [\"\", \"\", \"\", \"\"], \"Zakljucna\": [\"\"]}'),
(242, 78, 2, '{\"Ocene\": [\"\", \"\", \"\", \"\"], \"Zakljucna\": [\"\"]}'),
(243, 78, 3, '{\"Ocene\": [\"\", \"\", \"\", \"\"], \"Zakljucna\": [\"\"]}'),
(244, 78, 4, '{\"Ocene\": [\"\", \"\", \"\", \"\"], \"Zakljucna\": [\"\"]}'),
(245, 78, 5, '{\"Ocene\": [\"\", \"\", \"\", \"\"], \"Zakljucna\": [\"\"]}'),
(246, 78, 6, '{\"Ocene\": [\"\", \"\", \"\", \"\"], \"Zakljucna\": [\"\"]}'),
(247, 78, 7, '{\"Ocene\": [\"\", \"\", \"\", \"\"], \"Zakljucna\": [\"\"]}'),
(248, 79, 1, '{\"Ocene\": [\"\", \"\", \"\", \"\"], \"Zakljucna\": [\"\"]}'),
(249, 79, 2, '{\"Ocene\": [\"\", \"\", \"\", \"\"], \"Zakljucna\": [\"\"]}'),
(250, 79, 3, '{\"Ocene\": [\"\", \"\", \"\", \"\"], \"Zakljucna\": [\"\"]}'),
(251, 79, 4, '{\"Ocene\": [\"\", \"\", \"\", \"\"], \"Zakljucna\": [\"\"]}'),
(252, 79, 5, '{\"Ocene\": [\"\", \"\", \"\", \"\"], \"Zakljucna\": [\"\"]}'),
(253, 79, 6, '{\"Ocene\": [\"\", \"\", \"\", \"\"], \"Zakljucna\": [\"\"]}'),
(254, 79, 7, '{\"Ocene\": [\"\", \"\", \"\", \"\"], \"Zakljucna\": [\"\"]}'),
(255, 80, 1, '{\"Ocene\": [\"\", \"\", \"\", \"\"], \"Zakljucna\": [\"\"]}'),
(256, 80, 2, '{\"Ocene\": [\"\", \"\", \"\", \"\"], \"Zakljucna\": [\"\"]}'),
(257, 80, 3, '{\"Ocene\": [\"\", \"\", \"\", \"\"], \"Zakljucna\": [\"\"]}'),
(258, 80, 4, '{\"Ocene\": [\"\", \"\", \"\", \"\"], \"Zakljucna\": [\"\"]}'),
(259, 80, 5, '{\"Ocene\": [\"\", \"\", \"\", \"\"], \"Zakljucna\": [\"\"]}'),
(260, 80, 6, '{\"Ocene\": [\"\", \"\", \"\", \"\"], \"Zakljucna\": [\"\"]}'),
(261, 80, 7, '{\"Ocene\": [\"\", \"\", \"\", \"\"], \"Zakljucna\": [\"\"]}'),
(262, 81, 1, '{\"Ocene\": [\"\", \"\", \"\", \"\"], \"Zakljucna\": [\"\"]}'),
(263, 81, 2, '{\"Ocene\": [\"\", \"\", \"\", \"\"], \"Zakljucna\": [\"\"]}'),
(264, 81, 3, '{\"Ocene\": [\"\", \"\", \"\", \"\"], \"Zakljucna\": [\"\"]}'),
(265, 81, 4, '{\"Ocene\": [\"\", \"\", \"\", \"\"], \"Zakljucna\": [\"\"]}'),
(266, 81, 5, '{\"Ocene\": [\"\", \"\", \"\", \"\"], \"Zakljucna\": [\"\"]}'),
(267, 81, 6, '{\"Ocene\": [\"\", \"\", \"\", \"\"], \"Zakljucna\": [\"\"]}'),
(268, 81, 7, '{\"Ocene\": [\"\", \"\", \"\", \"\"], \"Zakljucna\": [\"\"]}'),
(269, 82, 1, '{\"Ocene\": [\"\", \"\", \"\", \"\"], \"Zakljucna\": [\"\"]}'),
(270, 82, 2, '{\"Ocene\": [\"\", \"\", \"\", \"\"], \"Zakljucna\": [\"\"]}'),
(271, 82, 3, '{\"Ocene\": [\"\", \"\", \"\", \"\"], \"Zakljucna\": [\"\"]}'),
(272, 82, 4, '{\"Ocene\": [\"\", \"\", \"\", \"\"], \"Zakljucna\": [\"\"]}'),
(273, 82, 5, '{\"Ocene\": [\"\", \"\", \"\", \"\"], \"Zakljucna\": [\"\"]}'),
(274, 82, 6, '{\"Ocene\": [\"\", \"\", \"\", \"\"], \"Zakljucna\": [\"\"]}'),
(275, 82, 7, '{\"Ocene\": [\"\", \"\", \"\", \"\"], \"Zakljucna\": [\"\"]}'),
(276, 83, 1, '{\"Ocene\": [\"\", \"\", \"\", \"\"], \"Zakljucna\": [\"\"]}'),
(277, 83, 2, '{\"Ocene\": [\"\", \"\", \"\", \"\"], \"Zakljucna\": [\"\"]}'),
(278, 83, 3, '{\"Ocene\": [\"\", \"\", \"\", \"\"], \"Zakljucna\": [\"\"]}'),
(279, 83, 4, '{\"Ocene\": [\"\", \"\", \"\", \"\"], \"Zakljucna\": [\"\"]}'),
(280, 83, 5, '{\"Ocene\": [\"\", \"\", \"\", \"\"], \"Zakljucna\": [\"\"]}'),
(281, 83, 6, '{\"Ocene\": [\"\", \"\", \"\", \"\"], \"Zakljucna\": [\"\"]}'),
(282, 83, 7, '{\"Ocene\": [\"\", \"\", \"\", \"\"], \"Zakljucna\": [\"\"]}'),
(283, 84, 1, '{\"Ocene\": [\"\", \"\", \"\", \"\"], \"Zakljucna\": [\"\"]}'),
(284, 84, 2, '{\"Ocene\": [\"\", \"\", \"\", \"\"], \"Zakljucna\": [\"\"]}'),
(285, 84, 3, '{\"Ocene\": [\"\", \"\", \"\", \"\"], \"Zakljucna\": [\"\"]}'),
(286, 84, 4, '{\"Ocene\": [\"\", \"\", \"\", \"\"], \"Zakljucna\": [\"\"]}'),
(287, 84, 5, '{\"Ocene\": [\"\", \"\", \"\", \"\"], \"Zakljucna\": [\"\"]}'),
(288, 84, 6, '{\"Ocene\": [\"\", \"\", \"\", \"\"], \"Zakljucna\": [\"\"]}'),
(289, 84, 7, '{\"Ocene\": [\"\", \"\", \"\", \"\"], \"Zakljucna\": [\"\"]}'),
(290, 85, 1, '{\"Ocene\": [\"\", \"\", \"\", \"\"], \"Zakljucna\": [\"\"]}'),
(291, 85, 2, '{\"Ocene\": [\"\", \"\", \"\", \"\"], \"Zakljucna\": [\"\"]}'),
(292, 85, 3, '{\"Ocene\": [\"\", \"\", \"\", \"\"], \"Zakljucna\": [\"\"]}'),
(293, 85, 4, '{\"Ocene\": [\"\", \"\", \"\", \"\"], \"Zakljucna\": [\"\"]}'),
(294, 85, 5, '{\"Ocene\": [\"\", \"\", \"\", \"\"], \"Zakljucna\": [\"\"]}'),
(295, 85, 6, '{\"Ocene\": [\"\", \"\", \"\", \"\"], \"Zakljucna\": [\"\"]}'),
(296, 85, 7, '{\"Ocene\": [\"\", \"\", \"\", \"\"], \"Zakljucna\": [\"\"]}'),
(297, 86, 1, '{\"Ocene\": [\"\", \"\", \"\", \"\"], \"Zakljucna\": [\"\"]}'),
(298, 86, 2, '{\"Ocene\": [\"\", \"\", \"\", \"\"], \"Zakljucna\": [\"\"]}'),
(299, 86, 3, '{\"Ocene\": [\"\", \"\", \"\", \"\"], \"Zakljucna\": [\"\"]}'),
(300, 86, 4, '{\"Ocene\": [\"\", \"\", \"\", \"\"], \"Zakljucna\": [\"\"]}'),
(301, 86, 5, '{\"Ocene\": [\"\", \"\", \"\", \"\"], \"Zakljucna\": [\"\"]}'),
(302, 86, 6, '{\"Ocene\": [\"\", \"\", \"\", \"\"], \"Zakljucna\": [\"\"]}'),
(303, 86, 7, '{\"Ocene\": [\"\", \"\", \"\", \"\"], \"Zakljucna\": [\"\"]}'),
(304, 87, 1, '{\"Ocene\": [\"\", \"\", \"\", \"\"], \"Zakljucna\": [\"\"]}'),
(305, 87, 2, '{\"Ocene\": [\"\", \"\", \"\", \"\"], \"Zakljucna\": [\"\"]}'),
(306, 87, 3, '{\"Ocene\": [\"\", \"\", \"\", \"\"], \"Zakljucna\": [\"\"]}'),
(307, 87, 4, '{\"Ocene\": [\"\", \"\", \"\", \"\"], \"Zakljucna\": [\"\"]}'),
(308, 87, 5, '{\"Ocene\": [\"\", \"\", \"\", \"\"], \"Zakljucna\": [\"\"]}'),
(309, 87, 6, '{\"Ocene\": [\"\", \"\", \"\", \"\"], \"Zakljucna\": [\"\"]}'),
(310, 87, 7, '{\"Ocene\": [\"\", \"\", \"\", \"\"], \"Zakljucna\": [\"\"]}'),
(311, 88, 1, '{\"Ocene\": [\"\", \"\", \"\", \"\"], \"Zakljucna\": [\"\"]}'),
(312, 88, 2, '{\"Ocene\": [\"\", \"\", \"\", \"\"], \"Zakljucna\": [\"\"]}'),
(313, 88, 3, '{\"Ocene\": [\"\", \"\", \"\", \"\"], \"Zakljucna\": [\"\"]}'),
(314, 88, 4, '{\"Ocene\": [\"\", \"\", \"\", \"\"], \"Zakljucna\": [\"\"]}'),
(315, 88, 5, '{\"Ocene\": [\"\", \"\", \"\", \"\"], \"Zakljucna\": [\"\"]}'),
(316, 88, 6, '{\"Ocene\": [\"\", \"\", \"\", \"\"], \"Zakljucna\": [\"\"]}'),
(317, 88, 7, '{\"Ocene\": [\"\", \"\", \"\", \"\"], \"Zakljucna\": [\"\"]}'),
(318, 89, 1, '{\"Ocene\": [\"\", \"\", \"\", \"\"], \"Zakljucna\": [\"\"]}'),
(319, 89, 2, '{\"Ocene\": [\"\", \"\", \"\", \"\"], \"Zakljucna\": [\"\"]}'),
(320, 89, 3, '{\"Ocene\": [\"\", \"\", \"\", \"\"], \"Zakljucna\": [\"\"]}'),
(321, 89, 4, '{\"Ocene\": [\"\", \"\", \"\", \"\"], \"Zakljucna\": [\"\"]}'),
(322, 89, 5, '{\"Ocene\": [\"\", \"\", \"\", \"\"], \"Zakljucna\": [\"\"]}'),
(323, 89, 6, '{\"Ocene\": [\"\", \"\", \"\", \"\"], \"Zakljucna\": [\"\"]}'),
(324, 89, 7, '{\"Ocene\": [\"\", \"\", \"\", \"\"], \"Zakljucna\": [\"\"]}'),
(325, 90, 1, '{\"Ocene\": [\"\", \"\", \"\", \"\"], \"Zakljucna\": [\"\"]}'),
(326, 90, 2, '{\"Ocene\": [\"\", \"\", \"\", \"\"], \"Zakljucna\": [\"\"]}'),
(327, 90, 3, '{\"Ocene\": [\"\", \"\", \"\", \"\"], \"Zakljucna\": [\"\"]}'),
(328, 90, 4, '{\"Ocene\": [\"\", \"\", \"\", \"\"], \"Zakljucna\": [\"\"]}'),
(329, 90, 5, '{\"Ocene\": [\"\", \"\", \"\", \"\"], \"Zakljucna\": [\"\"]}'),
(330, 90, 6, '{\"Ocene\": [\"\", \"\", \"\", \"\"], \"Zakljucna\": [\"\"]}'),
(331, 90, 7, '{\"Ocene\": [\"\", \"\", \"\", \"\"], \"Zakljucna\": [\"\"]}'),
(332, 91, 1, '{\"Ocene\": [\"\", \"\", \"\", \"\"], \"Zakljucna\": [\"\"]}'),
(333, 91, 2, '{\"Ocene\": [\"\", \"\", \"\", \"\"], \"Zakljucna\": [\"\"]}'),
(334, 91, 3, '{\"Ocene\": [\"\", \"\", \"\", \"\"], \"Zakljucna\": [\"\"]}'),
(335, 91, 4, '{\"Ocene\": [\"\", \"\", \"\", \"\"], \"Zakljucna\": [\"\"]}'),
(336, 91, 5, '{\"Ocene\": [\"\", \"\", \"\", \"\"], \"Zakljucna\": [\"\"]}'),
(337, 91, 6, '{\"Ocene\": [\"\", \"\", \"\", \"\"], \"Zakljucna\": [\"\"]}'),
(338, 91, 7, '{\"Ocene\": [\"\", \"\", \"\", \"\"], \"Zakljucna\": [\"\"]}'),
(339, 92, 1, '{\"Ocene\": [\"\", \"\", \"\", \"\"], \"Zakljucna\": [\"\"]}'),
(340, 92, 2, '{\"Ocene\": [\"\", \"\", \"\", \"\"], \"Zakljucna\": [\"\"]}'),
(341, 92, 3, '{\"Ocene\": [\"\", \"\", \"\", \"\"], \"Zakljucna\": [\"\"]}'),
(342, 92, 4, '{\"Ocene\": [\"\", \"\", \"\", \"\"], \"Zakljucna\": [\"\"]}'),
(343, 92, 5, '{\"Ocene\": [\"\", \"\", \"\", \"\"], \"Zakljucna\": [\"\"]}'),
(344, 92, 6, '{\"Ocene\": [\"\", \"\", \"\", \"\"], \"Zakljucna\": [\"\"]}'),
(345, 92, 7, '{\"Ocene\": [\"\", \"\", \"\", \"\"], \"Zakljucna\": [\"\"]}'),
(346, 93, 1, '{\"Ocene\": [\"\", \"\", \"\", \"\"], \"Zakljucna\": [\"\"]}'),
(347, 93, 2, '{\"Ocene\": [\"\", \"\", \"\", \"\"], \"Zakljucna\": [\"\"]}'),
(348, 93, 3, '{\"Ocene\": [\"\", \"\", \"\", \"\"], \"Zakljucna\": [\"\"]}'),
(349, 93, 4, '{\"Ocene\": [\"\", \"\", \"\", \"\"], \"Zakljucna\": [\"\"]}'),
(350, 93, 5, '{\"Ocene\": [\"\", \"\", \"\", \"\"], \"Zakljucna\": [\"\"]}'),
(351, 93, 6, '{\"Ocene\": [\"\", \"\", \"\", \"\"], \"Zakljucna\": [\"\"]}'),
(352, 93, 7, '{\"Ocene\": [\"\", \"\", \"\", \"\"], \"Zakljucna\": [\"\"]}'),
(353, 94, 1, '{\"Ocene\": [\"\", \"\", \"\", \"\"], \"Zakljucna\": [\"\"]}'),
(354, 94, 2, '{\"Ocene\": [\"\", \"\", \"\", \"\"], \"Zakljucna\": [\"\"]}'),
(355, 94, 3, '{\"Ocene\": [\"\", \"\", \"\", \"\"], \"Zakljucna\": [\"\"]}'),
(356, 94, 4, '{\"Ocene\": [\"\", \"\", \"\", \"\"], \"Zakljucna\": [\"\"]}'),
(357, 94, 5, '{\"Ocene\": [\"\", \"\", \"\", \"\"], \"Zakljucna\": [\"\"]}'),
(358, 94, 6, '{\"Ocene\": [\"\", \"\", \"\", \"\"], \"Zakljucna\": [\"\"]}'),
(359, 94, 7, '{\"Ocene\": [\"\", \"\", \"\", \"\"], \"Zakljucna\": [\"\"]}'),
(360, 95, 1, '{\"Ocene\": [\"\", \"\", \"\", \"\"], \"Zakljucna\": [\"\"]}'),
(361, 95, 2, '{\"Ocene\": [\"\", \"\", \"\", \"\"], \"Zakljucna\": [\"\"]}'),
(362, 95, 3, '{\"Ocene\": [\"\", \"\", \"\", \"\"], \"Zakljucna\": [\"\"]}'),
(363, 95, 4, '{\"Ocene\": [\"\", \"\", \"\", \"\"], \"Zakljucna\": [\"\"]}'),
(364, 95, 5, '{\"Ocene\": [\"\", \"\", \"\", \"\"], \"Zakljucna\": [\"\"]}'),
(365, 95, 6, '{\"Ocene\": [\"\", \"\", \"\", \"\"], \"Zakljucna\": [\"\"]}'),
(366, 95, 7, '{\"Ocene\": [\"\", \"\", \"\", \"\"], \"Zakljucna\": [\"\"]}'),
(367, 96, 1, '{\"Ocene\": [\"\", \"\", \"\", \"\"], \"Zakljucna\": [\"\"]}'),
(368, 96, 2, '{\"Ocene\": [\"\", \"\", \"\", \"\"], \"Zakljucna\": [\"\"]}'),
(369, 96, 3, '{\"Ocene\": [\"\", \"\", \"\", \"\"], \"Zakljucna\": [\"\"]}'),
(370, 96, 4, '{\"Ocene\": [\"\", \"\", \"\", \"\"], \"Zakljucna\": [\"\"]}'),
(371, 96, 5, '{\"Ocene\": [\"\", \"\", \"\", \"\"], \"Zakljucna\": [\"\"]}'),
(372, 96, 6, '{\"Ocene\": [\"\", \"\", \"\", \"\"], \"Zakljucna\": [\"\"]}'),
(373, 96, 7, '{\"Ocene\": [\"\", \"\", \"\", \"\"], \"Zakljucna\": [\"\"]}'),
(374, 97, 1, '{\"Ocene\": [\"\", \"\", \"\", \"\"], \"Zakljucna\": [\"\"]}'),
(375, 97, 2, '{\"Ocene\": [\"\", \"\", \"\", \"\"], \"Zakljucna\": [\"\"]}'),
(376, 97, 3, '{\"Ocene\": [\"\", \"\", \"\", \"\"], \"Zakljucna\": [\"\"]}'),
(377, 97, 4, '{\"Ocene\": [\"\", \"\", \"\", \"\"], \"Zakljucna\": [\"\"]}'),
(378, 97, 5, '{\"Ocene\": [\"\", \"\", \"\", \"\"], \"Zakljucna\": [\"\"]}'),
(379, 97, 6, '{\"Ocene\": [\"\", \"\", \"\", \"\"], \"Zakljucna\": [\"\"]}'),
(380, 97, 7, '{\"Ocene\": [\"\", \"\", \"\", \"\"], \"Zakljucna\": [\"\"]}'),
(401, 98, 1, '{\"Ocene\": [\"\", \"\", \"\", \"\"], \"Zakljucna\": [\"\"]}'),
(402, 98, 2, '{\"Ocene\": [\"\", \"\", \"\", \"\"], \"Zakljucna\": [\"\"]}'),
(403, 98, 3, '{\"Ocene\": [\"\", \"\", \"\", \"\"], \"Zakljucna\": [\"\"]}'),
(404, 98, 4, '{\"Ocene\": [\"\", \"\", \"\", \"\"], \"Zakljucna\": [\"\"]}'),
(405, 98, 5, '{\"Ocene\": [\"\", \"\", \"\", \"\"], \"Zakljucna\": [\"\"]}'),
(406, 98, 6, '{\"Ocene\": [\"\", \"\", \"\", \"\"], \"Zakljucna\": [\"\"]}'),
(407, 98, 7, '{\"Ocene\": [\"\", \"\", \"\", \"\"], \"Zakljucna\": [\"\"]}'),
(447, 1, 1, '{\"Ocene\": [\"\", \"\", \"\", \"\"], \"Zakljucna\": [\"\"]}'),
(448, 1, 2, '{\"Ocene\": [\"\", \"\", \"\", \"\"], \"Zakljucna\": [\"\"]}'),
(449, 1, 4, '{\"Ocene\": [\"\", \"\", \"\", \"\"], \"Zakljucna\": [\"\"]}'),
(450, 1, 5, '{\"Ocene\": [\"\", \"\", \"\", \"\"], \"Zakljucna\": [\"\"]}'),
(451, 1, 6, '{\"Ocene\": [\"\", \"\", \"\", \"\"], \"Zakljucna\": [\"\"]}'),
(452, 1, 7, '{\"Ocene\": [\"\", \"\", \"\", \"\"], \"Zakljucna\": [\"\"]}'),
(453, 1, 8, '{\"Ocene\": [\"\", \"\", \"\", \"\"], \"Zakljucna\": [\"\"]}'),
(454, 1, 9, '{\"Ocene\": [\"\", \"\", \"\", \"\"], \"Zakljucna\": [\"\"]}'),
(455, 1, 10, '{\"Ocene\": [\"\", \"\", \"\", \"\"], \"Zakljucna\": [\"\"]}'),
(456, 1, 11, '{\"Ocene\": [\"\", \"\", \"\", \"\"], \"Zakljucna\": [\"\"]}'),
(457, 1, 12, '{\"Ocene\": [\"\", \"\", \"\", \"\"], \"Zakljucna\": [\"\"]}'),
(458, 1, 13, '{\"Ocene\": [\"\", \"\", \"\", \"\"], \"Zakljucna\": [\"\"]}'),
(459, 1, 14, '{\"Ocene\": [\"\", \"\", \"\", \"\"], \"Zakljucna\": [\"\"]}'),
(460, 2, 1, '{\"Ocene\": [\"\", \"\", \"\", \"\"], \"Zakljucna\": [\"\"]}'),
(461, 2, 2, '{\"Ocene\": [\"\", \"\", \"\", \"\"], \"Zakljucna\": [\"\"]}'),
(462, 2, 3, '{\"Ocene\": [\"\", \"\", \"\", \"\"], \"Zakljucna\": [\"\"]}'),
(463, 2, 4, '{\"Ocene\": [\"\", \"\", \"\", \"\"], \"Zakljucna\": [\"\"]}'),
(464, 2, 5, '{\"Ocene\": [\"\", \"\", \"\", \"\"], \"Zakljucna\": [\"\"]}'),
(465, 2, 6, '{\"Ocene\": [\"\", \"\", \"\", \"\"], \"Zakljucna\": [\"\"]}'),
(466, 2, 7, '{\"Ocene\": [\"\", \"\", \"\", \"\"], \"Zakljucna\": [\"\"]}'),
(467, 3, 1, '{\"Ocene\": [\"\", \"\", \"\", \"\"], \"Zakljucna\": [\"\"]}'),
(468, 3, 2, '{\"Ocene\": [\"\", \"\", \"\", \"\"], \"Zakljucna\": [\"\"]}'),
(469, 3, 3, '{\"Ocene\": [\"\", \"\", \"\", \"\"], \"Zakljucna\": [\"\"]}'),
(470, 3, 4, '{\"Ocene\": [\"\", \"\", \"\", \"\"], \"Zakljucna\": [\"\"]}'),
(471, 3, 5, '{\"Ocene\": [\"\", \"\", \"\", \"\"], \"Zakljucna\": [\"\"]}'),
(472, 3, 6, '{\"Ocene\": [\"\", \"\", \"\", \"\"], \"Zakljucna\": [\"\"]}'),
(473, 3, 7, '{\"Ocene\": [\"\", \"\", \"\", \"\"], \"Zakljucna\": [\"\"]}'),
(474, 99, 1, '{\"Ocene\": [\"\", \"\", \"\", \"\"], \"Zakljucna\": [\"\"]}'),
(475, 99, 2, '{\"Ocene\": [\"\", \"\", \"\", \"\"], \"Zakljucna\": [\"\"]}'),
(476, 99, 3, '{\"Ocene\": [\"\", \"\", \"\", \"\"], \"Zakljucna\": [\"\"]}'),
(477, 99, 4, '{\"Ocene\": [\"\", \"\", \"\", \"\"], \"Zakljucna\": [\"\"]}'),
(478, 99, 5, '{\"Ocene\": [\"\", \"\", \"\", \"\"], \"Zakljucna\": [\"\"]}'),
(479, 99, 6, '{\"Ocene\": [\"\", \"\", \"\", \"\"], \"Zakljucna\": [\"\"]}'),
(480, 99, 7, '{\"Ocene\": [\"\", \"\", \"\", \"\"], \"Zakljucna\": [\"\"]}'),
(481, 100, 1, '{\"Ocene\": [\"\", \"\", \"\", \"\"], \"Zakljucna\": [\"\"]}'),
(482, 100, 2, '{\"Ocene\": [\"\", \"\", \"\", \"\"], \"Zakljucna\": [\"\"]}'),
(483, 100, 3, '{\"Ocene\": [\"\", \"\", \"\", \"\"], \"Zakljucna\": [\"\"]}'),
(484, 100, 4, '{\"Ocene\": [\"\", \"\", \"\", \"\"], \"Zakljucna\": [\"\"]}'),
(485, 100, 5, '{\"Ocene\": [\"\", \"\", \"\", \"\"], \"Zakljucna\": [\"\"]}'),
(486, 100, 6, '{\"Ocene\": [\"\", \"\", \"\", \"\"], \"Zakljucna\": [\"\"]}'),
(487, 100, 7, '{\"Ocene\": [\"\", \"\", \"\", \"\"], \"Zakljucna\": [\"\"]}'),
(488, 101, 1, '{\"Ocene\": [\"\", \"\", \"\", \"\"], \"Zakljucna\": [\"\"]}'),
(489, 101, 2, '{\"Ocene\": [\"\", \"\", \"\", \"\"], \"Zakljucna\": [\"\"]}'),
(490, 101, 3, '{\"Ocene\": [\"\", \"\", \"\", \"\"], \"Zakljucna\": [\"\"]}'),
(491, 101, 4, '{\"Ocene\": [\"\", \"\", \"\", \"\"], \"Zakljucna\": [\"\"]}'),
(492, 101, 5, '{\"Ocene\": [\"\", \"\", \"\", \"\"], \"Zakljucna\": [\"\"]}'),
(493, 101, 6, '{\"Ocene\": [\"\", \"\", \"\", \"\"], \"Zakljucna\": [\"\"]}'),
(494, 101, 7, '{\"Ocene\": [\"\", \"\", \"\", \"\"], \"Zakljucna\": [\"\"]}'),
(495, 102, 1, '{\"Ocene\": [\"\", \"\", \"\", \"\"], \"Zakljucna\": [\"\"]}'),
(496, 102, 2, '{\"Ocene\": [\"\", \"\", \"\", \"\"], \"Zakljucna\": [\"\"]}'),
(497, 102, 3, '{\"Ocene\": [\"\", \"\", \"\", \"\"], \"Zakljucna\": [\"\"]}'),
(498, 102, 4, '{\"Ocene\": [\"\", \"\", \"\", \"\"], \"Zakljucna\": [\"\"]}'),
(499, 102, 5, '{\"Ocene\": [\"\", \"\", \"\", \"\"], \"Zakljucna\": [\"\"]}'),
(500, 102, 6, '{\"Ocene\": [\"\", \"\", \"\", \"\"], \"Zakljucna\": [\"\"]}'),
(501, 102, 7, '{\"Ocene\": [\"\", \"\", \"\", \"\"], \"Zakljucna\": [\"\"]}'),
(502, 103, 1, '{\"Ocene\": [\"\", \"\", \"\", \"\"], \"Zakljucna\": [\"\"]}'),
(503, 103, 2, '{\"Ocene\": [\"\", \"\", \"\", \"\"], \"Zakljucna\": [\"\"]}'),
(504, 103, 3, '{\"Ocene\": [\"\", \"\", \"\", \"\"], \"Zakljucna\": [\"\"]}'),
(505, 103, 4, '{\"Ocene\": [\"\", \"\", \"\", \"\"], \"Zakljucna\": [\"\"]}'),
(506, 103, 5, '{\"Ocene\": [\"\", \"\", \"\", \"\"], \"Zakljucna\": [\"\"]}'),
(507, 103, 6, '{\"Ocene\": [\"\", \"\", \"\", \"\"], \"Zakljucna\": [\"\"]}'),
(508, 103, 7, '{\"Ocene\": [\"\", \"\", \"\", \"\"], \"Zakljucna\": [\"\"]}'),
(509, 104, 1, '{\"Ocene\": [\"\", \"\", \"\", \"\"], \"Zakljucna\": [\"\"]}'),
(510, 104, 2, '{\"Ocene\": [\"\", \"\", \"\", \"\"], \"Zakljucna\": [\"\"]}'),
(511, 104, 3, '{\"Ocene\": [\"\", \"\", \"\", \"\"], \"Zakljucna\": [\"\"]}'),
(512, 104, 4, '{\"Ocene\": [\"\", \"\", \"\", \"\"], \"Zakljucna\": [\"\"]}'),
(513, 104, 5, '{\"Ocene\": [\"\", \"\", \"\", \"\"], \"Zakljucna\": [\"\"]}'),
(514, 104, 6, '{\"Ocene\": [\"\", \"\", \"\", \"\"], \"Zakljucna\": [\"\"]}'),
(515, 104, 7, '{\"Ocene\": [\"\", \"\", \"\", \"\"], \"Zakljucna\": [\"\"]}'),
(516, 105, 1, '{\"Ocene\": [\"\", \"\", \"\", \"\"], \"Zakljucna\": [\"\"]}'),
(517, 105, 2, '{\"Ocene\": [\"\", \"\", \"\", \"\"], \"Zakljucna\": [\"\"]}'),
(518, 105, 3, '{\"Ocene\": [\"\", \"\", \"\", \"\"], \"Zakljucna\": [\"\"]}'),
(519, 105, 4, '{\"Ocene\": [\"\", \"\", \"\", \"\"], \"Zakljucna\": [\"\"]}'),
(520, 105, 5, '{\"Ocene\": [\"\", \"\", \"\", \"\"], \"Zakljucna\": [\"\"]}'),
(521, 105, 6, '{\"Ocene\": [\"\", \"\", \"\", \"\"], \"Zakljucna\": [\"\"]}'),
(522, 105, 7, '{\"Ocene\": [\"\", \"\", \"\", \"\"], \"Zakljucna\": [\"\"]}');

-- --------------------------------------------------------

--
-- Table structure for table `odeljenje`
--

DROP TABLE IF EXISTS `odeljenje`;
CREATE TABLE IF NOT EXISTS `odeljenje` (
  `id` int(11) NOT NULL AUTO_INCREMENT,
  `odeljenje` int(11) NOT NULL,
  PRIMARY KEY (`id`),
  UNIQUE KEY `odeljenje` (`odeljenje`)
) ENGINE=InnoDB AUTO_INCREMENT=4 DEFAULT CHARSET=utf8 COLLATE=utf8_unicode_ci;

--
-- Dumping data for table `odeljenje`
--

INSERT INTO `odeljenje` (`id`, `odeljenje`) VALUES
(1, 1),
(2, 2),
(3, 3);

-- --------------------------------------------------------

--
-- Table structure for table `opravdanja`
--

DROP TABLE IF EXISTS `opravdanja`;
CREATE TABLE IF NOT EXISTS `opravdanja` (
  `id` int(11) NOT NULL AUTO_INCREMENT,
  `roditelj_id` int(11) NOT NULL,
  `ucitelj_id` int(11) DEFAULT NULL,
  `profesor_id` int(11) DEFAULT NULL,
  `sadrzaj` text COLLATE utf8_unicode_ci NOT NULL,
  `slika` varchar(255) COLLATE utf8_unicode_ci NOT NULL,
  `procitano` enum('0','1') COLLATE utf8_unicode_ci NOT NULL DEFAULT '0',
  `vreme` timestamp NOT NULL DEFAULT CURRENT_TIMESTAMP,
  PRIMARY KEY (`id`)
) ENGINE=InnoDB AUTO_INCREMENT=9 DEFAULT CHARSET=utf8 COLLATE=utf8_unicode_ci;

--
-- Dumping data for table `opravdanja`
--

INSERT INTO `opravdanja` (`id`, `roditelj_id`, `ucitelj_id`, `profesor_id`, `sadrzaj`, `slika`, `procitano`, `vreme`) VALUES
(7, 20, NULL, 1, 'Saljem prvi test', '1568677653aGK747rR_700w_0.jpg', '1', '2019-09-16 23:47:33'),
(8, 20, NULL, 1, 'poruka php', '1569316096logo.png', '1', '2019-09-24 09:08:16');

-- --------------------------------------------------------

--
-- Table structure for table `otvorena_vrata`
--

DROP TABLE IF EXISTS `otvorena_vrata`;
CREATE TABLE IF NOT EXISTS `otvorena_vrata` (
  `id` int(11) NOT NULL AUTO_INCREMENT,
  `roditelj_id` int(11) NOT NULL,
  `profesor_id` int(11) DEFAULT NULL,
  `ucitelj_id` int(11) DEFAULT NULL,
  `status` int(11) NOT NULL,
  PRIMARY KEY (`id`),
  UNIQUE KEY `id` (`id`),
  KEY `last_name` (`profesor_id`),
  KEY `lest_name` (`roditelj_id`),
  KEY `ucitelj` (`ucitelj_id`),
  KEY `id_2` (`id`),
  KEY `id_3` (`id`)
) ENGINE=InnoDB AUTO_INCREMENT=6 DEFAULT CHARSET=utf8 COLLATE=utf8_unicode_ci;

--
-- Dumping data for table `otvorena_vrata`
--

INSERT INTO `otvorena_vrata` (`id`, `roditelj_id`, `profesor_id`, `ucitelj_id`, `status`) VALUES
(1, 20, 1, NULL, 3),
(2, 20, 2, NULL, 1),
(3, 20, 3, NULL, 1),
(4, 20, 7, NULL, 2),
(5, 21, NULL, 5, 1);

-- --------------------------------------------------------

--
-- Table structure for table `posts`
--

DROP TABLE IF EXISTS `posts`;
CREATE TABLE IF NOT EXISTS `posts` (
  `id` int(11) NOT NULL AUTO_INCREMENT,
  `title` varchar(255) COLLATE utf8_unicode_ci NOT NULL,
  `slug` varchar(255) COLLATE utf8_unicode_ci NOT NULL,
  `body` text COLLATE utf8_unicode_ci NOT NULL,
  `created_at` timestamp NOT NULL DEFAULT CURRENT_TIMESTAMP,
  `user_id` int(11) NOT NULL,
  PRIMARY KEY (`id`)
) ENGINE=InnoDB AUTO_INCREMENT=4 DEFAULT CHARSET=utf8 COLLATE=utf8_unicode_ci;

--
-- Dumping data for table `posts`
--

INSERT INTO `posts` (`id`, `title`, `slug`, `body`, `created_at`, `user_id`) VALUES
(1, 'Novo obavestenje - informatika', 'Novo-obavestenje-informatika', 'bla bla', '2019-09-12 17:24:24', 40),
(2, 'Obavestenje - roditeljski', 'Obavestenje-roditeljski', 'Petak 12:30h', '2019-09-12 17:31:55', 4),
(3, 'Djaci prvaci', 'Djaci-prvaci', 'Srecan polazak u skolu', '2019-09-12 18:07:13', 41);

-- --------------------------------------------------------

--
-- Table structure for table `predmet`
--

DROP TABLE IF EXISTS `predmet`;
CREATE TABLE IF NOT EXISTS `predmet` (
  `id` int(11) NOT NULL AUTO_INCREMENT,
  `predmet` varchar(255) COLLATE utf8_unicode_ci NOT NULL,
  PRIMARY KEY (`id`)
) ENGINE=InnoDB AUTO_INCREMENT=15 DEFAULT CHARSET=utf8 COLLATE=utf8_unicode_ci;

--
-- Dumping data for table `predmet`
--

INSERT INTO `predmet` (`id`, `predmet`) VALUES
(1, 'Srpski jezik'),
(2, 'Matematika'),
(3, 'Svet oko nas'),
(4, 'Fizicko'),
(5, 'Likovno'),
(6, 'Muzicko'),
(7, 'Engleski jezik'),
(8, 'Geografija'),
(9, 'Istorija'),
(10, 'Fizika'),
(11, 'Biologija'),
(12, 'Hemija'),
(13, 'Tehnicko'),
(14, 'Informatika');

-- --------------------------------------------------------

--
-- Table structure for table `predmeti_po_razredima`
--

DROP TABLE IF EXISTS `predmeti_po_razredima`;
CREATE TABLE IF NOT EXISTS `predmeti_po_razredima` (
  `id` int(11) NOT NULL AUTO_INCREMENT,
  `predmet_id` int(11) NOT NULL,
  `razred_id` int(11) DEFAULT NULL,
  PRIMARY KEY (`id`),
  KEY `predmet_id` (`predmet_id`,`razred_id`),
  KEY `razred_id` (`razred_id`)
) ENGINE=InnoDB AUTO_INCREMENT=78 DEFAULT CHARSET=utf8 COLLATE=utf8_unicode_ci;

--
-- Dumping data for table `predmeti_po_razredima`
--

INSERT INTO `predmeti_po_razredima` (`id`, `predmet_id`, `razred_id`) VALUES
(1, 1, 1),
(2, 1, 2),
(3, 1, 3),
(4, 1, 4),
(5, 1, 5),
(6, 1, 6),
(7, 1, 7),
(8, 1, 8),
(9, 2, 1),
(10, 2, 2),
(11, 2, 3),
(12, 2, 4),
(13, 2, 5),
(14, 2, 6),
(15, 2, 7),
(16, 2, 8),
(17, 3, 1),
(18, 3, 2),
(19, 3, 3),
(20, 3, 4),
(21, 4, 1),
(22, 4, 2),
(23, 4, 3),
(24, 4, 4),
(25, 4, 5),
(26, 4, 6),
(27, 4, 7),
(28, 4, 8),
(29, 5, 1),
(30, 5, 2),
(31, 5, 3),
(32, 5, 4),
(33, 5, 5),
(34, 5, 6),
(35, 5, 7),
(36, 5, 8),
(37, 6, 1),
(38, 6, 2),
(39, 6, 3),
(40, 6, 4),
(41, 6, 5),
(42, 6, 6),
(43, 6, 7),
(44, 6, 8),
(45, 7, 1),
(46, 7, 2),
(47, 7, 3),
(48, 7, 4),
(49, 7, 5),
(50, 7, 6),
(51, 7, 7),
(52, 7, 8),
(53, 8, 5),
(54, 8, 6),
(55, 8, 7),
(56, 8, 8),
(57, 9, 5),
(58, 9, 6),
(59, 9, 7),
(60, 9, 8),
(61, 10, 6),
(62, 10, 7),
(63, 10, 8),
(64, 11, 5),
(65, 11, 6),
(66, 11, 7),
(67, 11, 8),
(68, 12, 7),
(69, 12, 8),
(70, 13, 5),
(71, 13, 6),
(72, 13, 7),
(73, 13, 8),
(74, 14, 5),
(75, 14, 6),
(76, 14, 7),
(77, 14, 8);

-- --------------------------------------------------------

--
-- Table structure for table `profesor`
--

DROP TABLE IF EXISTS `profesor`;
CREATE TABLE IF NOT EXISTS `profesor` (
  `id` int(11) NOT NULL AUTO_INCREMENT,
  `first_name` varchar(255) COLLATE utf8_unicode_ci NOT NULL,
  `last_name` varchar(255) COLLATE utf8_unicode_ci NOT NULL,
  `user_id` int(11) NOT NULL,
  `predmet_id` int(11) NOT NULL,
  `razred_id` int(11) DEFAULT NULL,
  `odeljenje_id` int(11) DEFAULT NULL,
  `otvorena_vrata` varchar(11) COLLATE utf8_unicode_ci NOT NULL,
  PRIMARY KEY (`id`),
  KEY `predmet_id` (`predmet_id`),
  KEY `user_id` (`user_id`),
  KEY `razred_id` (`razred_id`),
  KEY `odeljenje_id` (`odeljenje_id`)
) ENGINE=InnoDB AUTO_INCREMENT=8 DEFAULT CHARSET=utf8 COLLATE=utf8_unicode_ci;

--
-- Dumping data for table `profesor`
--

INSERT INTO `profesor` (`id`, `first_name`, `last_name`, `user_id`, `predmet_id`, `razred_id`, `odeljenje_id`, `otvorena_vrata`) VALUES
(1, 'Bane', 'Bacic', 4, 14, 5, 1, 'sreda'),
(2, 'Mile', 'Kitic', 8, 6, 5, 2, '0'),
(3, 'Stanislav', 'Jovanovic', 9, 2, 7, 1, '0'),
(4, 'Dragica', 'Katic', 10, 12, 7, 3, '0'),
(7, 'Crni', 'Djordje', 40, 9, 8, 3, 'petak');

-- --------------------------------------------------------

--
-- Table structure for table `prof_raspored`
--

DROP TABLE IF EXISTS `prof_raspored`;
CREATE TABLE IF NOT EXISTS `prof_raspored` (
  `id` int(11) NOT NULL AUTO_INCREMENT,
  `day` int(11) NOT NULL,
  `Cas1` float DEFAULT NULL,
  `Cas2` float DEFAULT NULL,
  `Cas3` float DEFAULT NULL,
  `Cas4` float DEFAULT NULL,
  `Cas5` float DEFAULT NULL,
  `Cas6` float DEFAULT NULL,
  `Cas7` float DEFAULT NULL,
  `prof_id` int(11) NOT NULL,
  PRIMARY KEY (`id`)
) ENGINE=MyISAM AUTO_INCREMENT=101 DEFAULT CHARSET=utf8 COLLATE=utf8_unicode_ci;

--
-- Dumping data for table `prof_raspored`
--

INSERT INTO `prof_raspored` (`id`, `day`, `Cas1`, `Cas2`, `Cas3`, `Cas4`, `Cas5`, `Cas6`, `Cas7`, `prof_id`) VALUES
(1, 1, 0, 0, 0, 0, 0, 0, 0, 1),
(2, 2, 0, 0, 0, 0, 0, 7.2, 7.2, 1),
(3, 3, 0, 0, 0, 0, 0, 0, 0, 1),
(4, 4, 0, 0, 0, 0, 0, 0, 0, 1),
(5, 5, 0, 0, 0, 0, 0, 0, 0, 1),
(6, 1, 0, 7.1, 0, 0, 7.2, 5.1, 0, 2),
(7, 2, 0, 7.1, 0, 0, 7.2, 0, 0, 2),
(8, 3, 0, 0, 0, 0, 7.2, 8.2, 0, 2),
(9, 4, 7.2, 0, 0, 6.1, 0, 0, 5.2, 2),
(10, 5, 0, 0, 6.1, 7.2, 7.2, 0, 0, 2),
(11, 1, 6.1, 0, 7.2, 0, 8.2, 0, 0, 3),
(12, 2, 0, 0, 5.1, 0, 0, 0, 0, 3),
(13, 3, 0, 0, 0, 0, 0, 0, 0, 3),
(14, 4, 0, 0, 0, 0, 0, 0, 0, 3),
(15, 5, 0, 0, 0, 0, 0, 0, 0, 3),
(16, 1, 0, 0, 0, 0, 0, 0, 0, 4),
(17, 2, 7.1, 0, 0, 0, 0, 0, 0, 4),
(18, 3, 0, 7.2, 0, 0, 0, 0, 0, 4),
(19, 4, 0, 0, 0, 0, 0, 0, 0, 4),
(20, 5, 0, 0, 0, 0, 0, 0, 0, 4),
(21, 1, 0, 0, 5.1, 5.2, 0, 0, 0, 7),
(22, 2, 0, 0, 5.2, 0, 0, 0, 5.2, 7),
(23, 3, 7.2, 0, 7.2, 0, 7.1, 7.1, 0, 7),
(24, 4, 0, 7.1, 0, 0, 0, 0, 0, 7),
(25, 5, 0, 0, 0, 0, 0, 0, 7.2, 7),
(26, 1, 0, 0, 0, 0, 0, 0, 0, 8),
(27, 2, 0, 0, 0, 0, 0, 0, 0, 8),
(28, 3, 0, 0, 0, 0, 0, 0, 0, 8),
(29, 4, 0, 0, 0, 0, 0, 0, 0, 8),
(30, 5, 0, 0, 0, 0, 0, 0, 0, 8),
(31, 1, 8.2, 7.2, 0, 5.3, 0, 0, 0, 9),
(32, 2, 5.1, 6.1, 0, 5.3, 0, 0, 0, 9),
(33, 3, 0, 6.1, 5.1, 8.3, 5.1, 0, 6.1, 9),
(34, 4, 0, 5.3, 5.1, 0, 0, 8.3, 5.1, 9),
(35, 5, 5.1, 8.3, 0, 5.1, 0, 0, 8.2, 9),
(36, 1, 0, 0, 5.2, 0, 8.2, 0, 0, 10),
(37, 2, 0, 0, 5.1, 0, 0, 0, 0, 10),
(38, 3, 0, 0, 0, 0, 0, 0, 0, 10),
(39, 4, 0, 0, 0, 0, 0, 0, 0, 10),
(40, 5, 0, 0, 0, 0, 0, 0, 0, 10),
(41, 1, 0, 0, 0, 0, 0, 0, 0, 11),
(42, 2, 0, 0, 0, 0, 0, 0, 0, 11),
(43, 3, 0, 0, 0, 0, 0, 0, 0, 11),
(44, 4, 0, 0, 0, 0, 0, 0, 0, 11),
(45, 5, 0, 0, 0, 0, 0, 0, 0, 11),
(46, 1, 0, 0, 0, 8.2, 7.1, 0, 0, 12),
(47, 2, 0, 0, 0, 0, 0, 0, 0, 12),
(48, 3, 0, 0, 0, 0, 0, 0, 0, 12),
(49, 4, 0, 0, 0, 7.2, 0, 0, 0, 12),
(50, 5, 0, 0, 0, 0, 0, 0, 0, 12),
(51, 1, 0, 0, 8.2, 7.2, 0, 0, 0, 13),
(52, 2, 0, 8.2, 7.1, 5.1, 6.1, 5.2, 0, 13),
(53, 3, 7.1, 5.2, 0, 7.2, 0, 0, 0, 13),
(54, 4, 0, 0, 0, 0, 5.2, 0, 0, 13),
(55, 5, 0, 0, 0, 0, 0, 0, 0, 13),
(56, 1, 0, 7.1, 0, 0, 0, 5.1, 0, 14),
(57, 2, 0, 7.1, 0, 0, 0, 0, 0, 14),
(58, 3, 0, 0, 0, 0, 5.2, 8.2, 0, 14),
(59, 4, 7.2, 0, 0, 8.2, 0, 0, 5.2, 14),
(60, 5, 0, 0, 6.1, 8.2, 5.2, 0, 0, 14),
(61, 1, 5.2, 5.1, 0, 5.1, 6.1, 0, 0, 15),
(62, 2, 0, 5.2, 0, 8.2, 5.1, 7.1, 0, 15),
(63, 3, 0, 7.1, 5.2, 6.1, 0, 0, 0, 15),
(64, 4, 0, 0, 5.2, 7.1, 7.2, 0, 7.2, 15),
(65, 5, 0, 7.1, 8.2, 0, 7.1, 0, 5.2, 15),
(66, 1, 0, 0, 6.1, 0, 0, 0, 0, 16),
(67, 2, 0, 0, 7.2, 0, 5.2, 0, 0, 16),
(68, 3, 0, 0, 0, 8.2, 0, 0, 0, 16),
(69, 4, 0, 0, 8.2, 0, 0, 0, 7.1, 16),
(70, 5, 0, 0, 0, 7.1, 0, 0, 0, 16),
(71, 1, 0, 0, 5.1, 5.2, 0, 0, 0, 17),
(72, 2, 0, 0, 5.2, 0, 0, 0, 5.2, 17),
(73, 3, 7.2, 0, 0, 0, 7.1, 7.1, 0, 17),
(74, 4, 0, 7.1, 0, 0, 0, 0, 0, 17),
(75, 5, 0, 0, 0, 0, 0, 0, 7.2, 17),
(76, 1, 0, 0, 0, 0, 0, 0, 0, 18),
(77, 2, 0, 0, 0, 0, 0, 0, 0, 18),
(78, 3, 0, 0, 0, 0, 0, 0, 0, 18),
(79, 4, 0, 0, 0, 0, 0, 0, 0, 18),
(80, 5, 0, 7.2, 0, 0, 0, 0, 0, 18),
(81, 1, 0, 0, 0, 0, 5.1, 0, 0, 19),
(82, 2, 0, 0, 0, 7.1, 0, 0, 0, 19),
(83, 3, 0, 0, 0, 0, 0, 0, 0, 19),
(84, 4, 0, 0, 0, 0, 0, 0, 0, 19),
(85, 5, 0, 0, 0, 0, 0, 0, 0, 19),
(86, 1, 0, 0, 0, 0, 0, 0, 0, 20),
(87, 2, 7.1, 0, 0, 0, 0, 0, 0, 20),
(88, 3, 0, 0, 0, 0, 0, 0, 0, 20),
(89, 4, 0, 0, 0, 0, 0, 0, 0, 20),
(90, 5, 0, 0, 0, 0, 0, 0, 0, 20),
(91, 1, 0, 0, 0, 0, 0, 0, 0, 21),
(92, 2, 0, 0, 0, 0, 0, 0, 0, 21),
(93, 3, 0, 0, 0, 0, 0, 7.2, 0, 21),
(94, 4, 0, 0, 0, 0, 0, 0, 0, 21),
(95, 5, 0, 0, 0, 0, 0, 0, 0, 21),
(96, 1, 0, 0, 0, 0, 0, 0, 0, 22),
(97, 2, 0, 0, 0, 0, 0, 0, 0, 22),
(98, 3, 0, 0, 0, 0, 0, 0, 0, 22),
(99, 4, 0, 0, 0, 0, 0, 0, 0, 22),
(100, 5, 0, 0, 0, 0, 0, 0, 0, 22);

-- --------------------------------------------------------

--
-- Table structure for table `raspored`
--

DROP TABLE IF EXISTS `raspored`;
CREATE TABLE IF NOT EXISTS `raspored` (
  `id` int(11) NOT NULL AUTO_INCREMENT,
  `day` int(11) NOT NULL,
  `Cas1` int(11) DEFAULT NULL,
  `Cas2` int(11) DEFAULT NULL,
  `Cas3` int(11) DEFAULT NULL,
  `Cas4` int(11) DEFAULT NULL,
  `Cas5` int(11) DEFAULT NULL,
  `Cas6` int(11) DEFAULT NULL,
  `Cas7` int(11) DEFAULT NULL,
  `odeljenje_id` int(11) NOT NULL,
  `razred_id` int(11) NOT NULL,
  PRIMARY KEY (`id`)
) ENGINE=MyISAM AUTO_INCREMENT=121 DEFAULT CHARSET=utf32 COLLATE=utf32_unicode_ci;

--
-- Dumping data for table `raspored`
--

INSERT INTO `raspored` (`id`, `day`, `Cas1`, `Cas2`, `Cas3`, `Cas4`, `Cas5`, `Cas6`, `Cas7`, `odeljenje_id`, `razred_id`) VALUES
(1, 1, 1, 0, 0, 3, 2, 3, 1, 1, 1),
(2, 2, 1, 3, 6, 1, 2, 1, 6, 1, 1),
(3, 3, 0, 0, 0, 1, 0, 0, 4, 1, 1),
(4, 4, 0, 5, 1, 7, 3, 4, 0, 1, 1),
(5, 5, 0, 5, 0, 2, 1, 3, 3, 1, 1),
(6, 1, 2, 1, 0, 2, 0, 0, 0, 1, 2),
(7, 2, 1, 0, 0, 4, 0, 0, 0, 1, 2),
(8, 3, 2, 7, 0, 0, 0, 0, 0, 1, 2),
(9, 4, 0, 0, 5, 0, 0, 0, 0, 1, 2),
(10, 5, 0, 0, 4, 0, 0, 0, 0, 1, 2),
(11, 1, 1, 1, 2, 3, 6, 4, 0, 1, 3),
(12, 2, 4, 1, 6, 5, 6, 3, 7, 1, 3),
(13, 3, 2, 4, 0, 0, 0, 4, 0, 1, 3),
(14, 4, 0, 0, 0, 0, 0, 0, 0, 1, 3),
(15, 5, 0, 0, 0, 0, 0, 0, 0, 1, 3),
(16, 1, 5, 7, 2, 2, 3, 0, 0, 1, 4),
(17, 2, 6, 3, 3, 3, 1, 2, 0, 1, 4),
(18, 3, 3, 2, 4, 0, 0, 3, 2, 1, 4),
(19, 4, 0, 0, 0, 1, 0, 4, 0, 1, 4),
(20, 5, 0, 0, 0, 0, 0, 0, 0, 1, 4),
(21, 1, 1, 0, 9, 7, 11, 6, 0, 1, 5),
(22, 2, 0, 0, 2, 5, 7, 0, 0, 1, 5),
(23, 3, 0, 0, 1, 0, 1, 0, 0, 1, 5),
(24, 4, 0, 0, 1, 0, 0, 0, 1, 1, 5),
(25, 5, 1, 0, 0, 1, 0, 0, 0, 1, 5),
(26, 1, 2, 0, 8, 0, 7, 0, 0, 1, 6),
(27, 2, 0, 1, 5, 0, 5, 0, 0, 1, 6),
(28, 3, 0, 1, 0, 7, 0, 0, 1, 1, 6),
(29, 4, 0, 1, 0, 6, 0, 0, 1, 1, 6),
(30, 5, 0, 0, 6, 1, 0, 0, 0, 1, 6),
(31, 1, 5, 6, 0, 4, 4, 0, 0, 1, 7),
(32, 2, 12, 6, 5, 11, 0, 7, 0, 1, 7),
(33, 3, 0, 7, 0, 0, 9, 9, 0, 1, 7),
(34, 4, 0, 9, 0, 7, 0, 0, 8, 1, 7),
(35, 5, 0, 7, 0, 8, 7, 0, 0, 1, 7),
(36, 1, 0, 0, 4, 6, 0, 6, 8, 1, 8),
(37, 2, 0, 6, 0, 0, 5, 7, 0, 1, 8),
(38, 3, 0, 8, 0, 6, 0, 0, 0, 1, 8),
(39, 4, 0, 0, 0, 5, 0, 0, 0, 1, 8),
(40, 5, 0, 0, 0, 0, 0, 0, 0, 1, 8),
(41, 1, 0, 3, 0, 0, 0, 0, 0, 2, 1),
(42, 2, 0, 0, 0, 3, 5, 0, 0, 2, 1),
(43, 3, 0, 0, 0, 5, 0, 6, 3, 2, 1),
(44, 4, 0, 0, 0, 0, 4, 0, 0, 2, 1),
(45, 5, 0, 0, 0, 0, 0, 0, 0, 2, 1),
(46, 1, 5, 0, 0, 0, 0, 0, 0, 2, 2),
(47, 2, 0, 0, 0, 0, 0, 0, 0, 2, 2),
(48, 3, 0, 0, 0, 0, 0, 0, 0, 2, 2),
(49, 4, 0, 0, 0, 0, 0, 0, 0, 2, 2),
(50, 5, 0, 0, 0, 0, 0, 0, 0, 2, 2),
(51, 1, 7, 4, 4, 4, 5, 11, 14, 2, 3),
(52, 2, 1, 0, 6, 0, 0, 0, 0, 2, 3),
(53, 3, 2, 0, 0, 4, 0, 0, 0, 2, 3),
(54, 4, 0, 0, 0, 0, 2, 0, 0, 2, 3),
(55, 5, 0, 0, 0, 0, 0, 0, 0, 2, 3),
(56, 1, 0, 0, 0, 0, 0, 0, 0, 2, 4),
(57, 2, 0, 0, 0, 0, 0, 0, 0, 2, 4),
(58, 3, 0, 0, 0, 0, 0, 0, 0, 2, 4),
(59, 4, 0, 0, 0, 0, 0, 0, 0, 2, 4),
(60, 5, 0, 0, 0, 0, 0, 0, 0, 2, 4),
(61, 1, 7, 0, 2, 9, 11, 0, 0, 2, 5),
(62, 2, 0, 7, 9, 0, 8, 5, 9, 2, 5),
(63, 3, 0, 5, 7, 0, 6, 0, 0, 2, 5),
(64, 4, 0, 0, 7, 6, 5, 0, 6, 2, 5),
(65, 5, 0, 0, 7, 0, 6, 0, 7, 2, 5),
(66, 1, 0, 0, 7, 0, 0, 0, 0, 2, 6),
(67, 2, 0, 0, 0, 0, 0, 0, 0, 2, 6),
(68, 3, 0, 0, 0, 0, 0, 0, 0, 2, 6),
(69, 4, 0, 0, 0, 0, 0, 0, 0, 2, 6),
(70, 5, 0, 0, 0, 0, 0, 0, 0, 2, 6),
(71, 1, 0, 1, 2, 5, 6, 4, 11, 2, 7),
(72, 2, 0, 6, 8, 0, 6, 0, 0, 2, 7),
(73, 3, 9, 12, 9, 5, 6, 13, 11, 2, 7),
(74, 4, 6, 0, 7, 4, 7, 0, 7, 2, 7),
(75, 5, 0, 10, 0, 6, 6, 0, 9, 2, 7),
(76, 1, 1, 0, 5, 4, 2, 0, 0, 2, 8),
(77, 2, 0, 5, 0, 7, 0, 0, 0, 2, 8),
(78, 3, 0, 0, 0, 8, 0, 6, 0, 2, 8),
(79, 4, 0, 0, 8, 6, 0, 0, 0, 2, 8),
(80, 5, 0, 0, 7, 6, 0, 0, 1, 2, 8),
(81, 1, 0, 0, 0, 0, 0, 0, 0, 3, 1),
(82, 2, 0, 0, 0, 0, 0, 0, 0, 3, 1),
(83, 3, 0, 0, 0, 0, 0, 0, 0, 3, 1),
(84, 4, 0, 0, 0, 0, 0, 0, 0, 3, 1),
(85, 5, 0, 0, 0, 0, 0, 0, 0, 3, 1),
(86, 1, 6, 3, 4, 0, 0, 0, 0, 3, 2),
(87, 2, 0, 0, 3, 3, 0, 0, 0, 3, 2),
(88, 3, 0, 0, 4, 0, 0, 0, 0, 3, 2),
(89, 4, 0, 0, 0, 0, 0, 0, 0, 3, 2),
(90, 5, 0, 0, 0, 0, 0, 0, 0, 3, 2),
(91, 1, 0, 0, 7, 6, 0, 0, 0, 3, 3),
(92, 2, 0, 0, 7, 0, 0, 0, 0, 3, 3),
(93, 3, 0, 0, 0, 7, 0, 0, 0, 3, 3),
(94, 4, 0, 0, 0, 8, 0, 0, 0, 3, 3),
(95, 5, 0, 0, 0, 0, 0, 0, 0, 3, 3),
(96, 1, 0, 3, 0, 3, 0, 3, 0, 3, 4),
(97, 2, 0, 0, 0, 3, 0, 0, 0, 3, 4),
(98, 3, 0, 0, 0, 0, 5, 0, 0, 3, 4),
(99, 4, 0, 0, 0, 4, 0, 0, 0, 3, 4),
(100, 5, 0, 0, 2, 0, 0, 0, 0, 3, 4),
(101, 1, 0, 0, 0, 1, 0, 0, 0, 3, 5),
(102, 2, 0, 0, 0, 1, 0, 0, 0, 3, 5),
(103, 3, 0, 0, 0, 0, 1, 0, 0, 3, 5),
(104, 4, 0, 1, 0, 0, 0, 0, 0, 3, 5),
(105, 5, 0, 0, 0, 0, 0, 0, 0, 3, 5),
(106, 1, 0, 0, 0, 0, 0, 0, 0, 3, 6),
(107, 2, 0, 0, 0, 0, 0, 0, 0, 3, 6),
(108, 3, 0, 0, 0, 0, 0, 0, 0, 3, 6),
(109, 4, 0, 0, 0, 0, 0, 0, 0, 3, 6),
(110, 5, 0, 0, 0, 0, 0, 0, 0, 3, 6),
(111, 1, 0, 0, 0, 0, 0, 0, 0, 3, 7),
(112, 2, 0, 0, 0, 0, 0, 0, 0, 3, 7),
(113, 3, 0, 0, 0, 0, 0, 0, 0, 3, 7),
(114, 4, 0, 0, 0, 0, 0, 0, 0, 3, 7),
(115, 5, 0, 0, 0, 0, 0, 0, 0, 3, 7),
(116, 1, 1, 0, 0, 0, 0, 0, 0, 3, 8),
(117, 2, 0, 0, 0, 1, 0, 0, 0, 3, 8),
(118, 3, 0, 0, 0, 1, 0, 0, 0, 3, 8),
(119, 4, 0, 0, 0, 0, 0, 1, 0, 3, 8),
(120, 5, 0, 1, 0, 0, 0, 0, 0, 3, 8);

-- --------------------------------------------------------

--
-- Table structure for table `razred`
--

DROP TABLE IF EXISTS `razred`;
CREATE TABLE IF NOT EXISTS `razred` (
  `id` int(11) NOT NULL AUTO_INCREMENT,
  `razred` int(11) NOT NULL,
  PRIMARY KEY (`id`)
) ENGINE=InnoDB AUTO_INCREMENT=9 DEFAULT CHARSET=utf8 COLLATE=utf8_unicode_ci;

--
-- Dumping data for table `razred`
--

INSERT INTO `razred` (`id`, `razred`) VALUES
(1, 1),
(2, 2),
(3, 3),
(4, 4),
(5, 5),
(6, 6),
(7, 7),
(8, 8);

-- --------------------------------------------------------

--
-- Table structure for table `roditelj`
--

DROP TABLE IF EXISTS `roditelj`;
CREATE TABLE IF NOT EXISTS `roditelj` (
  `id` int(11) NOT NULL AUTO_INCREMENT,
  `first_name` varchar(255) COLLATE utf8_unicode_ci NOT NULL,
  `last_name` varchar(255) COLLATE utf8_unicode_ci NOT NULL,
  `jmbg` int(11) NOT NULL,
  `user_id` int(11) NOT NULL,
  `ucenik_id` int(11) NOT NULL,
  PRIMARY KEY (`id`),
  KEY `user_id` (`user_id`,`ucenik_id`),
  KEY `ucenik_id` (`ucenik_id`)
) ENGINE=InnoDB AUTO_INCREMENT=72 DEFAULT CHARSET=utf8 COLLATE=utf8_unicode_ci;

--
-- Dumping data for table `roditelj`
--

INSERT INTO `roditelj` (`id`, `first_name`, `last_name`, `jmbg`, `user_id`, `ucenik_id`) VALUES
(2, 'Mitar', 'Pantic', 1234, 1, 1),
(3, 'Boro', 'Tadic', 1234, 5, 3),
(4, 'Marko', 'Jeftic', 1234, 7, 2),
(5, 'Slavka', 'Papic', 1234, 6, 6),
(6, 'Milos', 'Pajic', 1234, 14, 7),
(7, 'Milutin', 'Panajotovic', 1234, 13, 8),
(19, 'Sladjana', 'Martinovic', 1234, 39, 66),
(20, 'Milan', 'Bacic', 1234, 42, 67),
(21, 'Nemanja', 'Savic', 1234, 43, 68),
(22, 'Dragoslav ', 'Pavlović', 1234, 44, 69),
(39, 'Milos', 'Petrovic', 1234, 61, 86),
(40, 'Milos', 'Aleksic', 1234, 62, 87),
(41, 'Dragana', 'Djokic', 1234, 66, 4),
(43, 'Marko', 'Pendic', 1234, 67, 5),
(44, 'Marija', 'Todorovic', 1234, 68, 9),
(45, 'Milica', 'Mitrovic', 1234, 69, 10),
(46, 'Vojislav', 'Ivankovic', 1234, 70, 11),
(47, 'Lav', 'Vasiljev', 1234, 71, 12),
(48, 'Jana', 'Krsteska', 1234, 72, 13),
(49, 'Radisav', 'Cetkovic', 1234, 73, 14),
(50, 'Zoran', 'Cvijanovic', 1234, 74, 15),
(51, 'Marina', 'Cosic', 1234, 75, 16),
(52, 'Svetislav', 'Goncic', 1234, 76, 17),
(53, 'Danilo', 'Cavic', 1234, 77, 19),
(54, 'test', 'paja', 1234, 78, 88),
(55, 'test', 'paja', 1234, 79, 89),
(56, 'test', 'paja', 1234, 80, 90),
(57, 'test', 'paja', 1234, 81, 91),
(58, 'aa', 'aa', 0, 82, 92),
(59, 'Nada', 'Markovic', 1234, 83, 93),
(60, 'ga', 'ga', 0, 84, 94),
(61, 'hh', 'yy', 111, 85, 95),
(62, 'Test', 'Roditelj', 1234, 88, 96),
(63, 'Test', 'Roditelj2', 1234, 89, 97),
(64, 'proba', 'proba', 1234, 90, 98),
(65, 'dada', 'aaa', 1234, 91, 99),
(66, 'fv', 'v', 0, 92, 100),
(67, 'aa', 'aa', 1234, 93, 101),
(68, 'marko', 'markovic', 1234, 94, 102),
(69, 'acika', 'peric', 1234, 95, 103),
(70, 'kk', 'kk', 1234, 96, 104),
(71, 'Milica', 'Kraljevic', 1234, 98, 105);

-- --------------------------------------------------------

--
-- Table structure for table `staresina`
--

DROP TABLE IF EXISTS `staresina`;
CREATE TABLE IF NOT EXISTS `staresina` (
  `id` int(11) NOT NULL AUTO_INCREMENT,
  `razred_id` int(11) NOT NULL,
  `odeljenje_id` int(11) NOT NULL,
  `ucitelj_id` int(11) DEFAULT NULL,
  `profesor_id` int(11) DEFAULT NULL,
  PRIMARY KEY (`id`),
  KEY `odeljenje_id` (`odeljenje_id`),
  KEY `razred_id` (`razred_id`),
  KEY `profesor_id` (`profesor_id`),
  KEY `ucitelj_id` (`ucitelj_id`)
) ENGINE=InnoDB AUTO_INCREMENT=25 DEFAULT CHARSET=utf8;

--
-- Dumping data for table `staresina`
--

INSERT INTO `staresina` (`id`, `razred_id`, `odeljenje_id`, `ucitelj_id`, `profesor_id`) VALUES
(1, 1, 1, 1, NULL),
(2, 1, 2, 4, NULL),
(3, 1, 3, 10, NULL),
(4, 2, 1, NULL, NULL),
(5, 2, 2, NULL, NULL),
(6, 2, 3, NULL, NULL),
(7, 3, 1, 5, NULL),
(8, 3, 2, NULL, NULL),
(9, 3, 3, 6, NULL),
(10, 4, 1, NULL, NULL),
(11, 4, 2, NULL, NULL),
(12, 4, 3, NULL, NULL),
(13, 5, 1, NULL, 1),
(14, 5, 2, NULL, 2),
(15, 5, 3, NULL, NULL),
(16, 6, 1, NULL, NULL),
(17, 6, 2, NULL, NULL),
(18, 6, 3, NULL, NULL),
(19, 7, 1, NULL, 3),
(20, 7, 2, NULL, NULL),
(21, 7, 3, NULL, 4),
(22, 8, 1, NULL, NULL),
(23, 8, 2, NULL, NULL),
(24, 8, 3, NULL, 7);

-- --------------------------------------------------------

--
-- Table structure for table `ucenik`
--

DROP TABLE IF EXISTS `ucenik`;
CREATE TABLE IF NOT EXISTS `ucenik` (
  `id` int(11) NOT NULL AUTO_INCREMENT,
  `first_name` varchar(255) COLLATE utf8_unicode_ci NOT NULL,
  `last_name` varchar(255) COLLATE utf8_unicode_ci NOT NULL,
  `razred_id` int(11) DEFAULT NULL,
  `odeljenje_id` int(11) DEFAULT NULL,
  `profesor_id` int(11) DEFAULT NULL,
  `ucitelj_id` int(11) DEFAULT NULL,
  PRIMARY KEY (`id`),
  KEY `razred_id` (`razred_id`,`odeljenje_id`),
  KEY `odeljenje_id` (`odeljenje_id`),
  KEY `staresina_id` (`profesor_id`),
  KEY `ucitelj_id` (`ucitelj_id`)
) ENGINE=InnoDB AUTO_INCREMENT=106 DEFAULT CHARSET=utf8 COLLATE=utf8_unicode_ci;

--
-- Dumping data for table `ucenik`
--

INSERT INTO `ucenik` (`id`, `first_name`, `last_name`, `razred_id`, `odeljenje_id`, `profesor_id`, `ucitelj_id`) VALUES
(1, 'Darko', 'Pantic', 8, 3, 7, NULL),
(2, 'Milica', 'Jeftic', 1, 2, NULL, 4),
(3, 'Bozidar', 'Tadic', 1, 1, NULL, 1),
(4, 'Tamara', 'Djokic', 5, 1, 1, NULL),
(5, 'Dejan', 'Pendic', 5, 1, 1, NULL),
(6, 'Mileta', 'Papic', NULL, NULL, NULL, NULL),
(7, 'Goran', 'Pajic', 5, 2, 2, NULL),
(8, 'Tijana', 'Panajotovic', NULL, NULL, NULL, NULL),
(9, 'Milan', 'Todorovic', 1, 3, NULL, 6),
(10, 'Srdjan', 'Ivankovic', 0, 0, NULL, NULL),
(11, 'Dejana', 'Mitrovic', 1, 3, NULL, 6),
(12, 'Julija', 'Vasiljev', 3, 1, NULL, NULL),
(13, 'Olga', 'Krsteska', 3, 1, NULL, NULL),
(14, 'Sergej', 'Cetkovic', 3, 1, NULL, NULL),
(15, 'Tara', 'Cvijanovic', 5, 1, 1, NULL),
(16, 'Dajana', 'Cosic', 5, 2, 2, NULL),
(17, 'Grozda', 'Goncic', 5, 2, 2, NULL),
(18, 'Aleksandar', 'Petrovic', 5, 2, 2, NULL),
(19, 'Isidora', 'Cavic', 7, 1, 3, NULL),
(20, 'Martina', 'Bozovic', NULL, NULL, NULL, NULL),
(66, 'Maja', 'Martinovic', NULL, NULL, NULL, NULL),
(67, 'Sinisa', 'Bacic', 5, 1, 1, NULL),
(68, 'Maja', 'Savic', 3, 1, NULL, 5),
(69, 'Vuk', 'Pavlović', 3, 1, NULL, 5),
(86, 'Milica', 'Petrovic', 0, 0, NULL, NULL),
(87, 'Milica', 'Aleksic', 0, 0, NULL, NULL),
(88, 'mali', 'paja', NULL, NULL, NULL, NULL),
(89, 'mali', 'paja', NULL, NULL, NULL, NULL),
(90, 'mali', 'paja', NULL, NULL, NULL, NULL),
(91, 'mali', 'paja', NULL, NULL, NULL, NULL),
(92, 'aa', 'aa', NULL, NULL, NULL, NULL),
(93, 'Milica', 'Markovic', 0, 0, NULL, NULL),
(94, 'ga', 'ga', NULL, NULL, NULL, NULL),
(95, 'u', 'u', NULL, NULL, NULL, NULL),
(96, 'gaga', 'haha', 3, 3, NULL, 10),
(97, 'mali', 'malisa', 3, 3, NULL, 10),
(98, 'proba', 'proba', NULL, NULL, NULL, NULL),
(99, 'gg', 'gg', 1, 1, NULL, 1),
(100, 'cz', 'cz', 1, 1, NULL, 1),
(101, 'aaaaaa', 'peric', 1, 1, NULL, 1),
(102, 'dada', 'da', 1, 1, NULL, 1),
(103, 'dada', 'ggg', 1, 1, NULL, 1),
(104, 'kk', 'kk', 1, 1, NULL, 1),
(105, 'Marko', 'Kraljevic', 1, 3, NULL, 10);

-- --------------------------------------------------------

--
-- Table structure for table `ucitelj`
--

DROP TABLE IF EXISTS `ucitelj`;
CREATE TABLE IF NOT EXISTS `ucitelj` (
  `id` int(11) NOT NULL AUTO_INCREMENT,
  `first_name` varchar(255) COLLATE utf8_unicode_ci NOT NULL,
  `last_name` varchar(255) COLLATE utf8_unicode_ci NOT NULL,
  `user_id` int(11) NOT NULL,
  `odeljenje_id` int(11) DEFAULT NULL,
  `razred_id` int(11) DEFAULT NULL,
  `otvorena_vrata` varchar(20) COLLATE utf8_unicode_ci NOT NULL DEFAULT 'nije postavljeno',
  PRIMARY KEY (`id`),
  KEY `user_id` (`user_id`),
  KEY `odeljenje_id` (`odeljenje_id`),
  KEY `razred_id` (`razred_id`)
) ENGINE=InnoDB AUTO_INCREMENT=11 DEFAULT CHARSET=utf8 COLLATE=utf8_unicode_ci;

--
-- Dumping data for table `ucitelj`
--

INSERT INTO `ucitelj` (`id`, `first_name`, `last_name`, `user_id`, `odeljenje_id`, `razred_id`, `otvorena_vrata`) VALUES
(1, 'Aca', 'Lukas', 2, 1, 1, 'nije izabrano'),
(4, 'Matei', 'Cina', 3, 2, 1, 'cetvrtak'),
(5, 'Milica', 'Reljic', 11, 1, 3, 'nije izabrano'),
(6, 'Drasko', 'Stanivukovic', 12, 3, 3, 'ponedeljak'),
(8, 'Milka', 'Bulovic', 41, 1, 3, 'nije izabrano'),
(10, 'Test', 'Učitelj', 87, 3, 1, 'nije postavljeno');

-- --------------------------------------------------------

--
-- Table structure for table `upis_izostanci`
--

DROP TABLE IF EXISTS `upis_izostanci`;
CREATE TABLE IF NOT EXISTS `upis_izostanci` (
  `id` int(11) NOT NULL AUTO_INCREMENT,
  `day` int(11) NOT NULL,
  `razred` int(11) NOT NULL,
  `odeljenje` int(11) NOT NULL,
  `Izo1` json NOT NULL,
  `Upis1` text COLLATE utf8_unicode_ci NOT NULL,
  `Izo2` json NOT NULL,
  `Upis2` text COLLATE utf8_unicode_ci NOT NULL,
  `Izo3` json NOT NULL,
  `Upis3` text COLLATE utf8_unicode_ci NOT NULL,
  `Izo4` json NOT NULL,
  `Upis4` text COLLATE utf8_unicode_ci NOT NULL,
  `Izo5` json NOT NULL,
  `Upis5` text COLLATE utf8_unicode_ci NOT NULL,
  `Izo6` json NOT NULL,
  `Upis6` text COLLATE utf8_unicode_ci NOT NULL,
  `Izo7` json NOT NULL,
  `Upis7` text COLLATE utf8_unicode_ci NOT NULL,
  PRIMARY KEY (`id`)
) ENGINE=MyISAM AUTO_INCREMENT=242 DEFAULT CHARSET=utf8 COLLATE=utf8_unicode_ci;

--
-- Dumping data for table `upis_izostanci`
--

INSERT INTO `upis_izostanci` (`id`, `day`, `razred`, `odeljenje`, `Izo1`, `Upis1`, `Izo2`, `Upis2`, `Izo3`, `Upis3`, `Izo4`, `Upis4`, `Izo5`, `Upis5`, `Izo6`, `Upis6`, `Izo7`, `Upis7`) VALUES
(1, 0, 1, 1, '1', '1', '1', '1', '1', '1', '1', '1', '1', '1', '1', '1', '1', '1'),
(3, 1, 1, 2, '0', '0', '0', '0', '0', '0', '0', '0', '0', '0', '0', '0', '0', '0'),
(4, 1, 1, 3, '0', '0', '0', '0', '0', '0', '0', '0', '0', '0', '0', '0', '0', '0'),
(5, 1, 2, 1, '0', '0', '0', '0', '0', '0', '0', '0', '0', '0', '0', '0', '0', '0'),
(6, 1, 2, 2, '0', '0', '0', '0', '0', '0', '0', '0', '0', '0', '0', '0', '0', '0'),
(7, 1, 2, 3, '0', '0', '0', '0', '0', '0', '0', '0', '0', '0', '0', '0', '0', '0'),
(8, 1, 3, 1, '0', '0', '0', '0', '0', '0', '0', '0', '0', '0', '0', '0', '0', '0'),
(9, 1, 3, 2, '0', '0', '0', '0', '0', '0', '0', '0', '0', '0', '0', '0', '0', '0'),
(10, 1, 3, 3, '0', '0', '0', '0', '0', '0', '0', '0', '0', '0', '0', '0', '0', '0'),
(11, 1, 4, 1, '0', '0', '0', '0', '0', '0', '0', '0', '0', '0', '0', '0', '0', '0'),
(12, 1, 4, 2, '0', '0', '0', '0', '0', '0', '0', '0', '0', '0', '0', '0', '0', '0'),
(13, 1, 4, 3, '0', '0', '0', '0', '0', '0', '0', '0', '0', '0', '0', '0', '0', '0'),
(14, 1, 5, 1, '0', '0', '0', '0', '0', '0', '0', '0', '0', '0', '0', '0', '0', '0'),
(15, 1, 5, 2, '0', '0', '0', '0', '0', '0', '0', '0', '0', '0', '0', '0', '0', '0'),
(16, 1, 5, 3, '0', '0', '0', '0', '0', '0', '0', '0', '0', '0', '0', '0', '0', '0'),
(17, 1, 6, 1, '0', '0', '0', '0', '0', '0', '0', '0', '0', '0', '0', '0', '0', '0'),
(18, 1, 6, 2, '0', '0', '0', '0', '0', '0', '0', '0', '0', '0', '0', '0', '0', '0'),
(19, 1, 6, 3, '0', '0', '0', '0', '0', '0', '0', '0', '0', '0', '0', '0', '0', '0'),
(20, 1, 7, 1, '0', '0', '0', '0', '0', '0', '0', '0', '0', '0', '0', '0', '0', '0'),
(21, 1, 7, 2, '0', '0', '0', '0', '0', '0', '0', '0', '0', '0', '0', '0', '0', '0'),
(22, 1, 7, 3, '0', '0', '0', '0', '0', '0', '0', '0', '0', '0', '0', '0', '0', '0'),
(23, 1, 8, 1, '0', '0', '0', '0', '0', '0', '0', '0', '0', '0', '0', '0', '0', '0'),
(24, 1, 8, 2, '0', '0', '0', '0', '0', '0', '0', '0', '0', '0', '0', '0', '0', '0'),
(25, 1, 8, 3, '0', '0', '0', '0', '0', '0', '0', '0', '0', '0', '0', '0', '0', '0'),
(26, 2, 1, 1, '[\"86\", \"3\"]', '0', '[\"3\", \"86\"]', '0', '[\"2\", \"1\"]', ' Cetvrti Cas | 4 | 02:58:55 22-09-2019', '0', '0', '0', '0', '0', ' Hajde i ovde nesto | 4 | 03:36:30 21-09-2019', '0', '0'),
(27, 2, 1, 2, '0', '0', '0', '0', '0', '0', '0', '0', '0', '0', '0', '0', '0', '0'),
(28, 2, 1, 3, '0', '0', '0', '0', '0', '0', '0', '0', '0', '0', '0', '0', '0', '0'),
(29, 2, 2, 1, '0', '0', '0', '0', '0', '0', '0', '0', '0', '0', '0', '0', '0', '0'),
(30, 2, 2, 2, '0', '0', '0', '0', '0', '0', '0', '0', '0', '0', '0', '0', '0', '0'),
(31, 2, 2, 3, '0', '0', '0', '0', '0', '0', '0', '0', '0', '0', '0', '0', '0', '0'),
(32, 2, 3, 1, '0', '0', '0', '0', '0', '0', '0', '0', '0', '0', '0', '0', '0', '0'),
(33, 2, 3, 2, '0', '0', '0', '0', '0', '0', '0', '0', '0', '0', '0', '0', '0', '0'),
(34, 2, 3, 3, '0', '0', '0', '0', '0', '0', '0', '0', '0', '0', '0', '0', '0', '0'),
(35, 2, 4, 1, '0', '0', '0', '0', '0', '0', '0', '0', '0', '0', '0', '0', '0', '0'),
(36, 2, 4, 2, '0', '0', '0', '0', '0', '0', '0', '0', '0', '0', '0', '0', '0', '0'),
(37, 2, 4, 3, '0', '0', '0', '0', '0', '0', '0', '0', '0', '0', '0', '0', '0', '0'),
(38, 2, 5, 1, '0', '0', '0', '0', '0', '0', '0', '0', '0', '0', '0', '0', '0', '0'),
(39, 2, 5, 2, '0', '0', '0', '0', '0', '0', '0', '0', '0', '0', '0', '0', '0', '0'),
(40, 2, 5, 3, '0', '0', '0', '0', '0', '0', '0', '0', '0', '0', '0', '0', '0', '0'),
(41, 2, 6, 1, '0', '0', '0', '0', '0', '0', '0', '0', '0', '0', '0', '0', '0', '0'),
(42, 2, 6, 2, '0', '0', '0', '0', '0', '0', '0', '0', '0', '0', '0', '0', '0', '0'),
(43, 2, 6, 3, '0', '0', '0', '0', '0', '0', '0', '0', '0', '0', '0', '0', '0', '0'),
(44, 2, 7, 1, '0', '0', '0', '0', '0', '0', '0', '0', '0', '0', '0', '0', '0', '0'),
(45, 2, 7, 2, '0', '0', '0', '0', '0', '0', '0', '0', '0', '0', '0', '0', '0', '0'),
(46, 2, 7, 3, '0', '0', '0', '0', '0', '0', '0', '0', '0', '0', '0', '0', '0', '0'),
(47, 2, 8, 1, '0', '0', '0', '0', '0', '0', '0', '0', '0', '0', '0', '0', '0', '0'),
(48, 2, 8, 2, '0', '0', '0', '0', '0', '0', '0', '0', '0', '0', '0', '0', '0', '0'),
(49, 2, 8, 3, '0', '0', '0', '0', '0', '0', '0', '0', '0', '0', '0', '0', '0', '0'),
(50, 3, 1, 1, '0', '0', '0', '0', '0', '0', '[\"86\", \"3\"]', '0', '0', '0', '0', '0', '0', '0'),
(51, 3, 1, 2, '0', '0', '0', '0', '0', '0', '0', '0', '0', '0', '0', '0', '0', '0'),
(52, 3, 1, 3, '0', '0', '0', '0', '0', '0', '0', '0', '0', '0', '0', '0', '0', '0'),
(53, 3, 2, 1, '0', '0', '0', '0', '0', '0', '0', '0', '0', '0', '0', '0', '0', '0'),
(54, 3, 2, 2, '0', '0', '0', '0', '0', '0', '0', '0', '0', '0', '0', '0', '0', '0'),
(55, 3, 2, 3, '0', '0', '0', '0', '0', '0', '0', '0', '0', '0', '0', '0', '0', '0'),
(56, 3, 3, 1, '0', '0', '0', '0', '0', '0', '0', '0', '0', '0', '0', '0', '0', '0'),
(57, 3, 3, 2, '0', '0', '0', '0', '0', '0', '0', '0', '0', '0', '0', '0', '0', '0'),
(58, 3, 3, 3, '0', '0', '0', '0', '0', '0', '0', '0', '0', '0', '0', '0', '0', '0'),
(59, 3, 4, 1, '0', '0', '0', '0', '0', '0', '0', '0', '0', '0', '0', '0', '0', '0'),
(60, 3, 4, 2, '0', '0', '0', '0', '0', '0', '0', '0', '0', '0', '0', '0', '0', '0'),
(61, 3, 4, 3, '0', '0', '0', '0', '0', '0', '0', '0', '0', '0', '0', '0', '0', '0'),
(62, 3, 5, 1, '0', '0', '0', '0', '0', '0', '0', '0', '0', '0', '0', '0', '0', '0'),
(63, 3, 5, 2, '0', '0', '0', '0', '0', '0', '0', '0', '0', '0', '0', '0', '0', '0'),
(64, 3, 5, 3, '0', '0', '0', '0', '0', '0', '0', '0', '0', '0', '0', '0', '0', '0'),
(65, 3, 6, 1, '0', '0', '0', '0', '0', '0', '0', '0', '0', '0', '0', '0', '0', '0'),
(66, 3, 6, 2, '0', '0', '0', '0', '0', '0', '0', '0', '0', '0', '0', '0', '0', '0'),
(67, 3, 6, 3, '0', '0', '0', '0', '0', '0', '0', '0', '0', '0', '0', '0', '0', '0'),
(68, 3, 7, 1, '0', '0', '0', '0', '0', '0', '0', '0', '0', '0', '0', '0', '0', '0'),
(69, 3, 7, 2, '0', '0', '0', '0', '0', '0', '0', '0', '0', '0', '0', '0', '0', '0'),
(70, 3, 7, 3, '0', '0', '0', '0', '0', '0', '0', '0', '0', '0', '0', '0', '0', '0'),
(71, 3, 8, 1, '0', '0', '0', '0', '0', '0', '0', '0', '0', '0', '0', '0', '0', '0'),
(72, 3, 8, 2, '0', '0', '0', '0', '0', '0', '0', '0', '0', '0', '0', '0', '0', '0'),
(73, 3, 8, 3, '0', '0', '0', '0', '0', '0', '0', '0', '0', '0', '0', '0', '0', '0'),
(74, 4, 1, 1, '0', '0', '[\"2\", \"86\"]', '0', '0', '0', '0', '0', '0', '0', '0', '0', '0', '0'),
(75, 4, 1, 2, '0', '0', '0', '0', '0', '0', '0', '0', '0', '0', '0', '0', '0', '0'),
(76, 4, 1, 3, '0', '0', '0', '0', '0', '0', '0', '0', '0', '0', '0', '0', '0', '0'),
(77, 4, 2, 1, '0', '0', '0', '0', '0', '0', '0', '0', '0', '0', '0', '0', '0', '0'),
(78, 4, 2, 2, '0', '0', '0', '0', '0', '0', '0', '0', '0', '0', '0', '0', '0', '0'),
(79, 4, 2, 3, '0', '0', '0', '0', '0', '0', '0', '0', '0', '0', '0', '0', '0', '0'),
(80, 4, 3, 1, '0', '0', '0', '0', '0', '0', '0', '0', '0', '0', '0', '0', '0', '0'),
(81, 4, 3, 2, '0', '0', '0', '0', '0', '0', '0', '0', '0', '0', '0', '0', '0', '0'),
(82, 4, 3, 3, '0', '0', '0', '0', '0', '0', '0', '0', '0', '0', '0', '0', '0', '0'),
(83, 4, 4, 1, '0', '0', '0', '0', '0', '0', '0', '0', '0', '0', '0', '0', '0', '0'),
(84, 4, 4, 2, '0', '0', '0', '0', '0', '0', '0', '0', '0', '0', '0', '0', '0', '0'),
(85, 4, 4, 3, '0', '0', '0', '0', '0', '0', '0', '0', '0', '0', '0', '0', '0', '0'),
(86, 4, 5, 1, '0', '0', '0', '0', '0', '0', '0', '0', '0', '0', '0', '0', '0', '0'),
(87, 4, 5, 2, '0', '0', '0', '0', '0', '0', '0', '0', '0', '0', '0', '0', '0', '0'),
(88, 4, 5, 3, '0', '0', '0', '0', '0', '0', '0', '0', '0', '0', '0', '0', '0', '0'),
(89, 4, 6, 1, '0', '0', '0', '0', '0', '0', '0', '0', '0', '0', '0', '0', '0', '0'),
(90, 4, 6, 2, '0', '0', '0', '0', '0', '0', '0', '0', '0', '0', '0', '0', '0', '0'),
(91, 4, 6, 3, '0', '0', '0', '0', '0', '0', '0', '0', '0', '0', '0', '0', '0', '0'),
(92, 4, 7, 1, '0', '0', '0', '0', '0', '0', '0', '0', '0', '0', '0', '0', '0', '0'),
(93, 4, 7, 2, '0', '0', '0', '0', '0', '0', '0', '0', '0', '0', '0', '0', '0', '0'),
(94, 4, 7, 3, '0', '0', '0', '0', '0', '0', '0', '0', '0', '0', '0', '0', '0', '0'),
(95, 4, 8, 1, '0', '0', '0', '0', '0', '0', '0', '0', '0', '0', '0', '0', '0', '0'),
(96, 4, 8, 2, '0', '0', '0', '0', '0', '0', '0', '0', '0', '0', '0', '0', '0', '0'),
(97, 4, 8, 3, '0', '0', '0', '0', '0', '0', '0', '0', '0', '0', '0', '0', '0', '0'),
(98, 5, 1, 1, '0', '0', '0', '0', '0', '0', '0', '0', '0', '0', '0', '0', '0', '0'),
(99, 5, 1, 2, '0', '0', '0', '0', '0', '0', '0', '0', '0', '0', '0', '0', '0', '0'),
(100, 5, 1, 3, '0', '0', '0', '0', '0', '0', '0', '0', '0', '0', '0', '0', '0', '0'),
(101, 5, 2, 1, '0', '0', '0', '0', '0', '0', '0', '0', '0', '0', '0', '0', '0', '0'),
(102, 5, 2, 2, '0', '0', '0', '0', '0', '0', '0', '0', '0', '0', '0', '0', '0', '0'),
(103, 5, 2, 3, '0', '0', '0', '0', '0', '0', '0', '0', '0', '0', '0', '0', '0', '0'),
(104, 5, 3, 1, '0', '0', '0', '0', '0', '0', '0', '0', '0', '0', '0', '0', '0', '0'),
(105, 5, 3, 2, '0', '0', '0', '0', '0', '0', '0', '0', '0', '0', '0', '0', '0', '0'),
(106, 5, 3, 3, '0', '0', '0', '0', '0', '0', '0', '0', '0', '0', '0', '0', '0', '0'),
(107, 5, 4, 1, '0', '0', '0', '0', '0', '0', '0', '0', '0', '0', '0', '0', '0', '0'),
(108, 5, 4, 2, '0', '0', '0', '0', '0', '0', '0', '0', '0', '0', '0', '0', '0', '0'),
(109, 5, 4, 3, '0', '0', '0', '0', '0', '0', '0', '0', '0', '0', '0', '0', '0', '0'),
(110, 5, 5, 1, '0', '0', '0', '0', '0', '0', '0', '0', '0', '0', '0', '0', '0', '0'),
(111, 5, 5, 2, '0', '0', '0', '0', '0', '0', '0', '0', '0', '0', '0', '0', '0', '0'),
(112, 5, 5, 3, '0', '0', '0', '0', '0', '0', '0', '0', '0', '0', '0', '0', '0', '0'),
(113, 5, 6, 1, '0', '0', '0', '0', '0', '0', '0', '0', '0', '0', '0', '0', '0', '0'),
(114, 5, 6, 2, '0', '0', '0', '0', '0', '0', '0', '0', '0', '0', '0', '0', '0', '0'),
(115, 5, 6, 3, '0', '0', '0', '0', '0', '0', '0', '0', '0', '0', '0', '0', '0', '0'),
(116, 5, 7, 1, '0', '0', '0', '0', '0', '0', '0', '0', '0', '0', '0', '0', '0', '0'),
(117, 5, 7, 2, '0', '0', '0', '0', '0', '0', '0', '0', '0', '0', '0', '0', '0', '0'),
(118, 5, 7, 3, '0', '0', '0', '0', '0', '0', '0', '0', '0', '0', '0', '0', '0', '0'),
(119, 5, 8, 1, '0', '0', '0', '0', '0', '0', '0', '0', '0', '0', '0', '0', '0', '0'),
(120, 5, 8, 2, '0', '0', '0', '0', '0', '0', '0', '0', '0', '0', '0', '0', '0', '0'),
(121, 5, 8, 3, '0', '0', '0', '0', '0', '0', '0', '0', '0', '0', '0', '0', '0', '0'),
(122, 1, 1, 1, '[\"1\", \"86\", \"3\"]', 'Unosimo prve podatkeeeeeaa | 4 | 03:34:14 22-09-2019', '[\"2\", \"1\", \"86\"]', ' Drugi cas Ponedeljak ovo je cas Matematike | 4 | 03:49:35 21-09-2019', '{\"0\": \"2\", \"1\": \"1\", \"3\": \"3\"}', ' Unosimo trece podatke | 4 | 01:52:50 22-09-2019', '{\"0\": \"2\", \"2\": \"3\"}', ' Cetvrti Cas | 4 | 02:52:31 22-09-2019', '{\"2\": \"86\", \"3\": \"3\"}', '0', '[\"2\", \"86\"]', '0', '[]', '0'),
(123, 1, 1, 2, '0', '0', '0', '0', '0', '0', '0', '0', '0', '0', '0', '0', '0', '0'),
(124, 1, 1, 3, '0', '0', '0', '0', '0', '0', '0', '0', '0', '0', '0', '0', '0', '0'),
(125, 1, 2, 1, '0', '0', '0', '0', '0', '0', '0', '0', '0', '0', '0', '0', '0', '0'),
(126, 1, 2, 2, '0', '0', '0', '0', '0', '0', '0', '0', '0', '0', '0', '0', '0', '0'),
(127, 1, 2, 3, '0', '0', '0', '0', '0', '0', '0', '0', '0', '0', '0', '0', '0', '0'),
(128, 1, 3, 1, '0', '0', '0', '0', '0', '0', '0', '0', '0', '0', '0', '0', '0', '0'),
(129, 1, 3, 2, '0', '0', '0', '0', '0', '0', '0', '0', '0', '0', '0', '0', '0', '0'),
(130, 1, 3, 3, '0', '0', '0', '0', '0', '0', '0', '0', '0', '0', '0', '0', '0', '0'),
(131, 1, 4, 1, '0', '0', '0', '0', '0', '0', '0', '0', '0', '0', '0', '0', '0', '0'),
(132, 1, 4, 2, '0', '0', '0', '0', '0', '0', '0', '0', '0', '0', '0', '0', '0', '0'),
(133, 1, 4, 3, '0', '0', '0', '0', '0', '0', '0', '0', '0', '0', '0', '0', '0', '0'),
(134, 1, 5, 1, '0', '0', '0', '0', '0', '0', '0', '0', '0', '0', '0', '0', '0', '0'),
(135, 1, 5, 2, '0', '0', '0', '0', '0', '0', '0', '0', '0', '0', '0', '0', '0', '0'),
(136, 1, 5, 3, '0', '0', '0', '0', '0', '0', '0', '0', '0', '0', '0', '0', '0', '0'),
(137, 1, 6, 1, '0', '0', '0', '0', '0', '0', '0', '0', '0', '0', '0', '0', '0', '0'),
(138, 1, 6, 2, '0', '0', '0', '0', '0', '0', '0', '0', '0', '0', '0', '0', '0', '0'),
(139, 1, 6, 3, '0', '0', '0', '0', '0', '0', '0', '0', '0', '0', '0', '0', '0', '0'),
(140, 1, 7, 1, '0', '0', '0', '0', '0', '0', '0', '0', '0', '0', '0', '0', '0', '0'),
(141, 1, 7, 2, '0', '0', '0', '0', '0', '0', '0', '0', '0', '0', '0', '0', '0', '0'),
(142, 1, 7, 3, '0', '0', '0', '0', '0', '0', '0', '0', '0', '0', '0', '0', '0', '0'),
(143, 1, 8, 1, '0', '0', '0', '0', '0', '0', '0', '0', '0', '0', '0', '0', '0', '0'),
(144, 1, 8, 2, '0', '0', '0', '0', '0', '0', '0', '0', '0', '0', '0', '0', '0', '0'),
(145, 1, 8, 3, '0', '0', '0', '0', '0', '0', '0', '0', '0', '0', '0', '0', '0', '0'),
(146, 2, 1, 1, '[\"86\", \"3\"]', '0', '[\"3\", \"86\"]', '0', '[\"2\", \"1\"]', ' Cetvrti Cas | 4 | 02:58:55 22-09-2019', '0', '0', '0', '0', '0', ' Hajde i ovde nesto | 4 | 03:36:30 21-09-2019', '0', '0'),
(147, 2, 1, 2, '0', '0', '0', '0', '0', '0', '0', '0', '0', '0', '0', '0', '0', '0'),
(148, 2, 1, 3, '0', '0', '0', '0', '0', '0', '0', '0', '0', '0', '0', '0', '0', '0'),
(149, 2, 2, 1, '0', '0', '0', '0', '0', '0', '0', '0', '0', '0', '0', '0', '0', '0'),
(150, 2, 2, 2, '0', '0', '0', '0', '0', '0', '0', '0', '0', '0', '0', '0', '0', '0'),
(151, 2, 2, 3, '0', '0', '0', '0', '0', '0', '0', '0', '0', '0', '0', '0', '0', '0'),
(152, 2, 3, 1, '0', '0', '0', '0', '0', '0', '0', '0', '0', '0', '0', '0', '0', '0'),
(153, 2, 3, 2, '0', '0', '0', '0', '0', '0', '0', '0', '0', '0', '0', '0', '0', '0'),
(154, 2, 3, 3, '0', '0', '0', '0', '0', '0', '0', '0', '0', '0', '0', '0', '0', '0'),
(155, 2, 4, 1, '0', '0', '0', '0', '0', '0', '0', '0', '0', '0', '0', '0', '0', '0'),
(156, 2, 4, 2, '0', '0', '0', '0', '0', '0', '0', '0', '0', '0', '0', '0', '0', '0'),
(157, 2, 4, 3, '0', '0', '0', '0', '0', '0', '0', '0', '0', '0', '0', '0', '0', '0'),
(158, 2, 5, 1, '0', '0', '0', '0', '0', '0', '0', '0', '0', '0', '0', '0', '0', '0'),
(159, 2, 5, 2, '0', '0', '0', '0', '0', '0', '0', '0', '0', '0', '0', '0', '0', '0'),
(160, 2, 5, 3, '0', '0', '0', '0', '0', '0', '0', '0', '0', '0', '0', '0', '0', '0'),
(161, 2, 6, 1, '0', '0', '0', '0', '0', '0', '0', '0', '0', '0', '0', '0', '0', '0'),
(162, 2, 6, 2, '0', '0', '0', '0', '0', '0', '0', '0', '0', '0', '0', '0', '0', '0'),
(163, 2, 6, 3, '0', '0', '0', '0', '0', '0', '0', '0', '0', '0', '0', '0', '0', '0'),
(164, 2, 7, 1, '0', '0', '0', '0', '0', '0', '0', '0', '0', '0', '0', '0', '0', '0'),
(165, 2, 7, 2, '0', '0', '0', '0', '0', '0', '0', '0', '0', '0', '0', '0', '0', '0'),
(166, 2, 7, 3, '0', '0', '0', '0', '0', '0', '0', '0', '0', '0', '0', '0', '0', '0'),
(167, 2, 8, 1, '0', '0', '0', '0', '0', '0', '0', '0', '0', '0', '0', '0', '0', '0'),
(168, 2, 8, 2, '0', '0', '0', '0', '0', '0', '0', '0', '0', '0', '0', '0', '0', '0'),
(169, 2, 8, 3, '0', '0', '0', '0', '0', '0', '0', '0', '0', '0', '0', '0', '0', '0'),
(170, 3, 1, 1, '0', '0', '0', '0', '0', '0', '[\"86\", \"3\"]', '0', '0', '0', '0', '0', '0', '0'),
(171, 3, 1, 2, '0', '0', '0', '0', '0', '0', '0', '0', '0', '0', '0', '0', '0', '0'),
(172, 3, 1, 3, '0', '0', '0', '0', '0', '0', '0', '0', '0', '0', '0', '0', '0', '0'),
(173, 3, 2, 1, '0', '0', '0', '0', '0', '0', '0', '0', '0', '0', '0', '0', '0', '0'),
(174, 3, 2, 2, '0', '0', '0', '0', '0', '0', '0', '0', '0', '0', '0', '0', '0', '0'),
(175, 3, 2, 3, '0', '0', '0', '0', '0', '0', '0', '0', '0', '0', '0', '0', '0', '0'),
(176, 3, 3, 1, '0', '0', '0', '0', '0', '0', '0', '0', '0', '0', '0', '0', '0', '0'),
(177, 3, 3, 2, '0', '0', '0', '0', '0', '0', '0', '0', '0', '0', '0', '0', '0', '0'),
(178, 3, 3, 3, '0', '0', '0', '0', '0', '0', '0', '0', '0', '0', '0', '0', '0', '0'),
(179, 3, 4, 1, '0', '0', '0', '0', '0', '0', '0', '0', '0', '0', '0', '0', '0', '0'),
(180, 3, 4, 2, '0', '0', '0', '0', '0', '0', '0', '0', '0', '0', '0', '0', '0', '0'),
(181, 3, 4, 3, '0', '0', '0', '0', '0', '0', '0', '0', '0', '0', '0', '0', '0', '0'),
(182, 3, 5, 1, '0', '0', '0', '0', '0', '0', '0', '0', '0', '0', '0', '0', '0', '0'),
(183, 3, 5, 2, '0', '0', '0', '0', '0', '0', '0', '0', '0', '0', '0', '0', '0', '0'),
(184, 3, 5, 3, '0', '0', '0', '0', '0', '0', '0', '0', '0', '0', '0', '0', '0', '0'),
(185, 3, 6, 1, '0', '0', '0', '0', '0', '0', '0', '0', '0', '0', '0', '0', '0', '0'),
(186, 3, 6, 2, '0', '0', '0', '0', '0', '0', '0', '0', '0', '0', '0', '0', '0', '0'),
(187, 3, 6, 3, '0', '0', '0', '0', '0', '0', '0', '0', '0', '0', '0', '0', '0', '0'),
(188, 3, 7, 1, '0', '0', '0', '0', '0', '0', '0', '0', '0', '0', '0', '0', '0', '0'),
(189, 3, 7, 2, '0', '0', '0', '0', '0', '0', '0', '0', '0', '0', '0', '0', '0', '0'),
(190, 3, 7, 3, '0', '0', '0', '0', '0', '0', '0', '0', '0', '0', '0', '0', '0', '0'),
(191, 3, 8, 1, '0', '0', '0', '0', '0', '0', '0', '0', '0', '0', '0', '0', '0', '0'),
(192, 3, 8, 2, '0', '0', '0', '0', '0', '0', '0', '0', '0', '0', '0', '0', '0', '0'),
(193, 3, 8, 3, '0', '0', '0', '0', '0', '0', '0', '0', '0', '0', '0', '0', '0', '0'),
(194, 4, 1, 1, '0', '0', '[\"2\", \"86\"]', '0', '0', '0', '0', '0', '0', '0', '0', '0', '0', '0'),
(195, 4, 1, 2, '0', '0', '0', '0', '0', '0', '0', '0', '0', '0', '0', '0', '0', '0'),
(196, 4, 1, 3, '0', '0', '0', '0', '0', '0', '0', '0', '0', '0', '0', '0', '0', '0'),
(197, 4, 2, 1, '0', '0', '0', '0', '0', '0', '0', '0', '0', '0', '0', '0', '0', '0'),
(198, 4, 2, 2, '0', '0', '0', '0', '0', '0', '0', '0', '0', '0', '0', '0', '0', '0'),
(199, 4, 2, 3, '0', '0', '0', '0', '0', '0', '0', '0', '0', '0', '0', '0', '0', '0'),
(200, 4, 3, 1, '0', '0', '0', '0', '0', '0', '0', '0', '0', '0', '0', '0', '0', '0'),
(201, 4, 3, 2, '0', '0', '0', '0', '0', '0', '0', '0', '0', '0', '0', '0', '0', '0'),
(202, 4, 3, 3, '0', '0', '0', '0', '0', '0', '0', '0', '0', '0', '0', '0', '0', '0'),
(203, 4, 4, 1, '0', '0', '0', '0', '0', '0', '0', '0', '0', '0', '0', '0', '0', '0'),
(204, 4, 4, 2, '0', '0', '0', '0', '0', '0', '0', '0', '0', '0', '0', '0', '0', '0'),
(205, 4, 4, 3, '0', '0', '0', '0', '0', '0', '0', '0', '0', '0', '0', '0', '0', '0'),
(206, 4, 5, 1, '0', '0', '0', '0', '0', '0', '0', '0', '0', '0', '0', '0', '0', '0'),
(207, 4, 5, 2, '0', '0', '0', '0', '0', '0', '0', '0', '0', '0', '0', '0', '0', '0'),
(208, 4, 5, 3, '0', '0', '0', '0', '0', '0', '0', '0', '0', '0', '0', '0', '0', '0'),
(209, 4, 6, 1, '0', '0', '0', '0', '0', '0', '0', '0', '0', '0', '0', '0', '0', '0'),
(210, 4, 6, 2, '0', '0', '0', '0', '0', '0', '0', '0', '0', '0', '0', '0', '0', '0'),
(211, 4, 6, 3, '0', '0', '0', '0', '0', '0', '0', '0', '0', '0', '0', '0', '0', '0'),
(212, 4, 7, 1, '0', '0', '0', '0', '0', '0', '0', '0', '0', '0', '0', '0', '0', '0'),
(213, 4, 7, 2, '0', '0', '0', '0', '0', '0', '0', '0', '0', '0', '0', '0', '0', '0'),
(214, 4, 7, 3, '0', '0', '0', '0', '0', '0', '0', '0', '0', '0', '0', '0', '0', '0'),
(215, 4, 8, 1, '0', '0', '0', '0', '0', '0', '0', '0', '0', '0', '0', '0', '0', '0'),
(216, 4, 8, 2, '0', '0', '0', '0', '0', '0', '0', '0', '0', '0', '0', '0', '0', '0'),
(217, 4, 8, 3, '0', '0', '0', '0', '0', '0', '0', '0', '0', '0', '0', '0', '0', '0'),
(218, 5, 1, 1, '0', '0', '0', '0', '0', '0', '0', '0', '0', '0', '0', '0', '0', '0'),
(219, 5, 1, 2, '0', '0', '0', '0', '0', '0', '0', '0', '0', '0', '0', '0', '0', '0'),
(220, 5, 1, 3, '0', '0', '0', '0', '0', '0', '0', '0', '0', '0', '0', '0', '0', '0'),
(221, 5, 2, 1, '0', '0', '0', '0', '0', '0', '0', '0', '0', '0', '0', '0', '0', '0'),
(222, 5, 2, 2, '0', '0', '0', '0', '0', '0', '0', '0', '0', '0', '0', '0', '0', '0'),
(223, 5, 2, 3, '0', '0', '0', '0', '0', '0', '0', '0', '0', '0', '0', '0', '0', '0'),
(224, 5, 3, 1, '0', '0', '0', '0', '0', '0', '0', '0', '0', '0', '0', '0', '0', '0'),
(225, 5, 3, 2, '0', '0', '0', '0', '0', '0', '0', '0', '0', '0', '0', '0', '0', '0'),
(226, 5, 3, 3, '0', '0', '0', '0', '0', '0', '0', '0', '0', '0', '0', '0', '0', '0'),
(227, 5, 4, 1, '0', '0', '0', '0', '0', '0', '0', '0', '0', '0', '0', '0', '0', '0'),
(228, 5, 4, 2, '0', '0', '0', '0', '0', '0', '0', '0', '0', '0', '0', '0', '0', '0'),
(229, 5, 4, 3, '0', '0', '0', '0', '0', '0', '0', '0', '0', '0', '0', '0', '0', '0'),
(230, 5, 5, 1, '0', '0', '0', '0', '0', '0', '0', '0', '0', '0', '0', '0', '0', '0'),
(231, 5, 5, 2, '0', '0', '0', '0', '0', '0', '0', '0', '0', '0', '0', '0', '0', '0'),
(232, 5, 5, 3, '0', '0', '0', '0', '0', '0', '0', '0', '0', '0', '0', '0', '0', '0'),
(233, 5, 6, 1, '0', '0', '0', '0', '0', '0', '0', '0', '0', '0', '0', '0', '0', '0'),
(234, 5, 6, 2, '0', '0', '0', '0', '0', '0', '0', '0', '0', '0', '0', '0', '0', '0'),
(235, 5, 6, 3, '0', '0', '0', '0', '0', '0', '0', '0', '0', '0', '0', '0', '0', '0'),
(236, 5, 7, 1, '0', '0', '0', '0', '0', '0', '0', '0', '0', '0', '0', '0', '0', '0'),
(237, 5, 7, 2, '0', '0', '0', '0', '0', '0', '0', '0', '0', '0', '0', '0', '0', '0'),
(238, 5, 7, 3, '0', '0', '0', '0', '0', '0', '0', '0', '0', '0', '0', '0', '0', '0'),
(239, 5, 8, 1, '0', '0', '0', '0', '0', '0', '0', '0', '0', '0', '0', '0', '0', '0'),
(240, 5, 8, 2, '0', '0', '0', '0', '0', '0', '0', '0', '0', '0', '0', '0', '0', '0'),
(241, 5, 8, 3, '0', '0', '0', '0', '0', '0', '0', '0', '0', '0', '0', '0', '0', '0');

-- --------------------------------------------------------

--
-- Table structure for table `user`
--

DROP TABLE IF EXISTS `user`;
CREATE TABLE IF NOT EXISTS `user` (
  `id` int(11) NOT NULL AUTO_INCREMENT,
  `username` varchar(255) COLLATE utf8_unicode_ci NOT NULL,
  `password` varchar(255) COLLATE utf8_unicode_ci NOT NULL,
  `role` enum('admin','direktor','profesor','ucitelj','roditelj') COLLATE utf8_unicode_ci NOT NULL,
  `loged_in` enum('0','1') COLLATE utf8_unicode_ci NOT NULL DEFAULT '0',
  `activated` enum('1','0') COLLATE utf8_unicode_ci NOT NULL DEFAULT '1',
  PRIMARY KEY (`id`)
) ENGINE=InnoDB AUTO_INCREMENT=99 DEFAULT CHARSET=utf8 COLLATE=utf8_unicode_ci;

--
-- Dumping data for table `user`
--

INSERT INTO `user` (`id`, `username`, `password`, `role`, `loged_in`, `activated`) VALUES
(1, 'Mitar.Pantic', '$2y$12$0tyE9ALut1/x9rgphX1cJOxahvmrhpTRPG3cw2YFwnvP0NYkFqCUW', 'roditelj', '0', '1'),
(2, 'Aca.Lukas', '$2y$12$S7HKx9A0FRyIaQQJ3xdsbuYTQTzO/LlaPCa/R8geiZxKBESN3KXxG', 'ucitelj', '0', '1'),
(3, 'Matei.Cina', '$2y$12$MRNOuMegGmYTVav5TG4LKu5H.zIId5Y5ugA9t4CiiuHvs5psv4u8K', 'ucitelj', '1', '1'),
(4, 'Bane.Bacic', '$2y$12$68is6r.3VAp2l6KFhf0ZBe.2t1ZPDYJ0Vdq9naXh7s28Ik8KImL8a', 'profesor', '1', '1'),
(5, 'Boro.Tadic', '$2y$12$ZrHcgVeCGxtnKYFvsLWGruF0RW19sJ7Z80pAJYpqqC30rRJm799n6', 'roditelj', '0', '1'),
(6, 'Slavka.Papic', '$2y$12$5xoU4nKtomBc2fMCXZq8vuF1YWjNftiaI3Z8fucnPZyckXxchLWJK', 'roditelj', '0', '1'),
(7, 'Marko.Jeftic', '$2y$12$t3EwffpjE3zufP2oDVTvBOL.DBfq9XnAb0cV2QhwIT.SW9SpIuWvO', 'roditelj', '0', '1'),
(8, 'Mile.Kitic', '$2y$12$9jilCrYkeYMrpBAz997u.OMbXTxzraNQGG7DvCsMrJ0YSSKayv4va', 'profesor', '0', '1'),
(9, 'Stanislav.Jovanovic', '$2y$12$0fLqq7Bi3F0Ya13eYnRPout7CH.QOpn8TZmmCpSMYnFysie3CFHva', 'profesor', '0', '1'),
(10, 'Dragica.Katic', '$2y$12$JE2jaFTQtfYsl66FczRvauWUcBBi0/TH6cwHFq5MKIB/pi7UcIq4a', 'profesor', '0', '1'),
(11, 'Milica.Reljic', '$2y$12$gsJhhnzNoREbfGRDu5yyleXyaWjtVld7nBD.u1acvNLcU.uSKIUtG', 'ucitelj', '0', '1'),
(12, 'Drasko.Stanivukovic', '$2y$12$gsJhhnzNoREbfGRDu5yyleXyaWjtVld7nBD.u1acvNLcU.uSKIUtG', 'ucitelj', '0', '1'),
(13, 'Milutin.Panajotovic', '$2y$12$BzX4TbY7GZ/vW2N32vV8iOQr2TMsNy9zMgTxnaaYSKj9k.JG4C/1q', 'roditelj', '0', '1'),
(14, 'Milos.Pajic', '$2y$12$8lM/AVqlbb7GL8qUUX6yyO4g7lth.ACx7Mm2EeYuHeQxlbRZOrMZC', 'roditelj', '0', '1'),
(39, 'Sladjana.Martinovic', '$2y$10$dRQFcJ5uKxbNvsPyYatnC.Z1.6cso6CiAGo9a6N8zr.O2iQVJRVi2', 'roditelj', '0', '1'),
(40, 'Crni.Djordje', '$2y$10$1OzxVY6.ackRA2PZf4OkTunW8JwWbCSCKl7zP6r9b2kJQWMuN0iRm', 'profesor', '0', '1'),
(41, 'Milka.Bulovic', '$2y$10$4WnerroxiU8YpunYJRdgZuTNjbJVls6qsxpVIT.aPyu7xFJK7T1D2', 'ucitelj', '0', '1'),
(42, 'Milan.Bacic', '$2y$10$vIrrG6XP1hMgWHPe5UkEd.1.rJm7dCOkomNC.8Zqrx3Tl5XnJwNKW', 'roditelj', '0', '1'),
(43, 'Nemanja.Savic', '$2y$10$tcWb0F44gS3cMyE9/WgmqOSBHu8OCsXNIaJ5uBU7DPhpPmrcwjz6S', 'roditelj', '0', '1'),
(44, 'Dragoslav.Pavlović', '$2y$10$diXiees85sLQQrADchQgB.9vlsdcu3lGXvZdE19LEDniNZ/4HkGMe', 'roditelj', '0', '1'),
(61, 'Milos.Petrovic', '$2y$10$lPqcUBwFZezVoHZJbx0BJ.3a/foRJcTR8VmHIhNMX1vCuiIyeh.ge', 'roditelj', '0', '1'),
(62, 'Milos.Aleksic', '$2y$10$Ij6dJ4thheR7DqSCXDeeIOTHe0ltd0UvtqlabLo9HWh.fr2qG95zq', 'roditelj', '0', '1'),
(63, 'Sasa.Matic', '$2y$10$vIrrG6XP1hMgWHPe5UkEd.1.rJm7dCOkomNC.8Zqrx3Tl5XnJwNKW', 'admin', '0', '1'),
(64, 'Teodosije.Pantovic', '$2y$10$BgWbwAQ9e2ET7SfjayCgyeJZUtwj29x//IJ0ZL1FazX2gia7pu2/W', 'direktor', '1', '1'),
(66, 'Dragana.Djokic', '$2y$12$.hFuwi6iRRsXIv4UuZ13qOXlYUEhDI7bmUOXAyGVsNgYKmhjjI7aq', 'roditelj', '0', '1'),
(67, 'Marko.Pendic', '$2y$12$Ph2K5eP4aF3WWZCh9SO98.C4RJwSyVrwxlwjy4GIgxBXtXcm8Rnya', 'roditelj', '0', '1'),
(68, 'Marija.Todorovic', '$2y$12$GBWbnE7LWTFaqAKCnurgz.nLmexB5fqr4GNo87Jl/Lib4LN/QrufS', 'roditelj', '0', '1'),
(69, 'Milica.Mitrovic', '$2y$12$PG4QK59eVE6vNgTnjDSRaO2AFOhpCOIf2dpkKc5H2aebUWAZXHLvG', 'roditelj', '0', '1'),
(70, 'Vojislav.Ivankovic', '$2y$12$Pj77FGJwo.jQ2iUBDXLCGuOfD6EfzEou6PRcbJneagCbiDDNMzaya', 'roditelj', '0', '1'),
(71, 'Lav.Vasiljev', '$2y$12$HwyGbhsRwEMcv8tx98l96.6svVNlkN93x06vqAwA2xfsKZMIEjnHC', 'roditelj', '0', '1'),
(72, 'Jana.Krsteska', '$2y$12$j1l2RyRlsfERwtoYCz9MYeRwo3Tz9IDk3h5mRcEYEsunDDdakQrjO', 'roditelj', '0', '1'),
(73, 'Radisav.Cetkovic', '$2y$12$c.lyLoU0rjEuyB6mO1FJYOOP9BiNoO7wTG1dPQzgxuVK5OQ.2u96K', 'roditelj', '0', '1'),
(74, 'Zoran.Cvijanovic', '$2y$12$e6sxEd6OxWpVI42M1FXbUeF35Nhvdn0Zr1Rl8NtpcqO64tY69aSTO', 'roditelj', '0', '1'),
(75, 'Marina.Cosic', '$2y$12$K91z1w18y6WdZ5V7AluQn.PYuB.o3S4.Fsc.dJvIu7bSM63fe9XE2', 'roditelj', '0', '1'),
(76, 'Svetislav.Goncic', '$2y$12$t3Jg5UHpY31WbrRn4lxOauKQgvwCZ0/W8DQ9JOoS.bu8sGRua4v1m', 'roditelj', '0', '1'),
(77, 'Danilo.Cavic', '$2y$12$naMJJKMXF/F8dG2J2TfcVu1Y.Eyo6WLDL9OtmG/RR1Sv35xRtYVdW', 'roditelj', '0', '1'),
(78, 'test.paja', '$2y$10$77Oh3st/dXIc5AVHN7SwXOAV27pADrD9ptXtiveKT.VR5CDsroSx6', 'roditelj', '0', '1'),
(79, 'test.paja', '$2y$10$AUBHKAe4d5Guj5ggh6EXCecLgT1nsOFBZk5CiylJfTxRkYD0aY5qS', 'roditelj', '0', '1'),
(80, 'test.paja', '$2y$10$a8IIKDGqeiWYLkDeyMYC4.58mDj96aN8EAoyVLjsy6K/PwRNbFbee', 'roditelj', '0', '1'),
(81, 'test.paja', '$2y$10$LRaU3aKnZnfdma8QlT3CHu1ldhYNW0hcuT2b1j3t9Q3weQ5GenmD6', 'roditelj', '0', '1'),
(87, 'Test.Ucitelj', '$2y$10$tRR2ul.rOrHLGUT/gECEjeFmnNAzo6QSDX1Uoh4jk5ZfQn8EjiTRK', 'ucitelj', '0', '1'),
(88, 'Test.Roditelj', '$2y$10$S7mGWjdx3vl7It/GQ9ODgeB6cJ0.MRgyqRVVAIE5s6Stcyxdsr.gi', 'roditelj', '0', '1'),
(89, 'Test.Roditelj2', '$2y$10$870x4oqTQa7M5GIRGUSTP.Ie8MN/JhHkUhIGtzpkOLYuhcxyhuDR6', 'roditelj', '0', '1'),
(90, 'proba.proba', '$2y$10$0nzPdJ9f76U0B9pAtOG/F.6M1nURcL/6ScKnztL9GAlMeNVYVvml6', 'roditelj', '0', '1'),
(91, 'dada.aaa', '$2y$10$ZEFLfOcyP.TmiaqxrobISe.9HFHkE3Wvq6fGEh0.jYbaD5b24VEQq', 'roditelj', '0', '1'),
(92, 'fv.v', '$2y$10$6uNlc4ne5SBoehe5lhADb.hjBtjSO680aO0pAJr7TDIsUZS2jwLfG', 'roditelj', '0', '1'),
(93, 'aa.aa', '$2y$10$EjDWwsS5PGNG2W.f9V3RH.QLZqYaug4.Q5IhSlNbXTj6VJJRl8Yda', 'roditelj', '0', '1'),
(94, 'marko.markovic', '$2y$10$rEzCIgdTKh0mhjCYjtjYNejlcGaBAv2/n1aoKvBk6yQ3ytkrcQiTy', 'roditelj', '0', '1'),
(95, 'acika.peric', '$2y$10$BMF8xz8ZDoYOmuPkJImPq.pkf74uZAmolXTwiT6NvvS0ZqZnu./Q2', 'roditelj', '0', '1'),
(96, 'kk.kk', '$2y$10$1ycdvhZS8G8Ic3sRAuWBGeaOGtmW84FJWKCsKe/DmSdqCD6HAkEhq', 'roditelj', '0', '1'),
(97, 'bg.fb', '$2y$10$9xI.eLmP9bmr7mZ9nVAREuSoTtcTTHwf6cUXdXGic96MQIneCY8.G', 'roditelj', '0', '1'),
(98, 'Milica.Kraljevic', '$2y$10$J6orE.HrzoAWQDKqvJLUvejbMStmpgn7NlMm.XfwXoURPJMruG63.', 'roditelj', '0', '1');

-- --------------------------------------------------------

--
-- Stand-in structure for view `view_massimo`
-- (See below for the actual view)
--
DROP VIEW IF EXISTS `view_massimo`;
CREATE TABLE IF NOT EXISTS `view_massimo` (
`id` int(11)
,`first_name` varchar(255)
,`last_name` varchar(255)
,`ocena` text
,`predmet` varchar(255)
,`razred` int(11)
,`odeljenje` int(11)
);

-- --------------------------------------------------------

--
-- Stand-in structure for view `view_massimo_odeljenje-profesor`
-- (See below for the actual view)
--
DROP VIEW IF EXISTS `view_massimo_odeljenje-profesor`;
CREATE TABLE IF NOT EXISTS `view_massimo_odeljenje-profesor` (
`razred` int(11)
,`odeljenje` int(11)
,`id` int(11)
,`first_name` varchar(255)
,`last_name` varchar(255)
,`predmet` varchar(255)
,`predmet_id` int(11)
);

-- --------------------------------------------------------

--
-- Stand-in structure for view `view_massimo_odeljenje-ucenici`
-- (See below for the actual view)
--
DROP VIEW IF EXISTS `view_massimo_odeljenje-ucenici`;
CREATE TABLE IF NOT EXISTS `view_massimo_odeljenje-ucenici` (
`razred` int(11)
,`odeljenje` int(11)
,`ucenik_id` int(11)
,`ucenik_ime` varchar(255)
,`ucenik_prezime` varchar(255)
);

-- --------------------------------------------------------

--
-- Stand-in structure for view `view_massimo_odeljenje-ucitelj`
-- (See below for the actual view)
--
DROP VIEW IF EXISTS `view_massimo_odeljenje-ucitelj`;
CREATE TABLE IF NOT EXISTS `view_massimo_odeljenje-ucitelj` (
`razred` int(11)
,`odeljenje` int(11)
,`id` int(11)
,`first_name` varchar(255)
,`last_name` varchar(255)
);

-- --------------------------------------------------------

--
-- Stand-in structure for view `view_massimo_opravdanja_profesor`
-- (See below for the actual view)
--
DROP VIEW IF EXISTS `view_massimo_opravdanja_profesor`;
CREATE TABLE IF NOT EXISTS `view_massimo_opravdanja_profesor` (
`id` int(11)
,`procitano` enum('0','1')
,`roditelj_id` int(11)
,`roditelj_ime` varchar(255)
,`roditelj_prezime` varchar(255)
,`ucenik_id` int(11)
,`ucenik_ime` varchar(255)
,`ucenik_prezime` varchar(255)
,`profesor_id` int(11)
,`profesor_ime` varchar(255)
,`profesor_prezime` varchar(255)
,`sadrzaj` text
,`slika` varchar(255)
,`vreme` timestamp
);

-- --------------------------------------------------------

--
-- Stand-in structure for view `view_massimo_opravdanja_ucitelji`
-- (See below for the actual view)
--
DROP VIEW IF EXISTS `view_massimo_opravdanja_ucitelji`;
CREATE TABLE IF NOT EXISTS `view_massimo_opravdanja_ucitelji` (
`id` int(11)
,`procitano` enum('0','1')
,`roditelj_id` int(11)
,`roditelj_ime` varchar(255)
,`roditelj_prezime` varchar(255)
,`ucenik_id` int(11)
,`ucenik_ime` varchar(255)
,`ucenik_prezime` varchar(255)
,`ucitelj_id` int(11)
,`ucitelj_ime` varchar(255)
,`ucitelj_prezime` varchar(255)
,`sadrzaj` text
,`slika` varchar(255)
,`vreme` timestamp
);

-- --------------------------------------------------------

--
-- Stand-in structure for view `view_massimo_posts`
-- (See below for the actual view)
--
DROP VIEW IF EXISTS `view_massimo_posts`;
CREATE TABLE IF NOT EXISTS `view_massimo_posts` (
`id` int(11)
,`title` varchar(255)
,`slug` varchar(255)
,`body` text
,`created_at` timestamp
,`user_id` int(11)
,`username` varchar(255)
,`role` enum('admin','direktor','profesor','ucitelj','roditelj')
);

-- --------------------------------------------------------

--
-- Stand-in structure for view `view_massimo_predmeti_po_razredima`
-- (See below for the actual view)
--
DROP VIEW IF EXISTS `view_massimo_predmeti_po_razredima`;
CREATE TABLE IF NOT EXISTS `view_massimo_predmeti_po_razredima` (
`id` int(11)
,`predmet` varchar(255)
,`razred` int(11)
);

-- --------------------------------------------------------

--
-- Stand-in structure for view `view_massimo_razredi-profesor`
-- (See below for the actual view)
--
DROP VIEW IF EXISTS `view_massimo_razredi-profesor`;
CREATE TABLE IF NOT EXISTS `view_massimo_razredi-profesor` (
`ucenik_ime` varchar(255)
,`ucenik_prezime` varchar(255)
,`roditelj_ime` varchar(255)
,`roditelj_prezime` varchar(255)
,`razred` int(11)
,`odeljenje` int(11)
,`razredni_ime` varchar(255)
,`razredni_prezime` varchar(255)
,`user_id` int(11)
);

-- --------------------------------------------------------

--
-- Stand-in structure for view `view_massimo_razredi-ucitelj`
-- (See below for the actual view)
--
DROP VIEW IF EXISTS `view_massimo_razredi-ucitelj`;
CREATE TABLE IF NOT EXISTS `view_massimo_razredi-ucitelj` (
`ucenik_ime` varchar(255)
,`ucenik_prezime` varchar(255)
,`roditelj_ime` varchar(255)
,`roditelj_prezime` varchar(255)
,`razred` int(11)
,`odeljenje` int(11)
,`ucitelj_ime` varchar(255)
,`ucitelj_prezime` varchar(255)
,`user_id` int(11)
);

-- --------------------------------------------------------

--
-- Stand-in structure for view `view_massimo_roditelj-ucenik`
-- (See below for the actual view)
--
DROP VIEW IF EXISTS `view_massimo_roditelj-ucenik`;
CREATE TABLE IF NOT EXISTS `view_massimo_roditelj-ucenik` (
`id` int(11)
,`ime` varchar(255)
,`prezime` varchar(255)
,`jmbg` int(11)
,`dete_ime` varchar(255)
,`dete_prezime` varchar(255)
);

-- --------------------------------------------------------

--
-- Stand-in structure for view `view_ocena-odeljenje-razred`
-- (See below for the actual view)
--
DROP VIEW IF EXISTS `view_ocena-odeljenje-razred`;
CREATE TABLE IF NOT EXISTS `view_ocena-odeljenje-razred` (
`ocena` text
,`razred_id` int(11)
,`odeljenje_id` int(11)
,`predmet` varchar(255)
);

-- --------------------------------------------------------

--
-- Stand-in structure for view `view_otvorena_vrata`
-- (See below for the actual view)
--
DROP VIEW IF EXISTS `view_otvorena_vrata`;
CREATE TABLE IF NOT EXISTS `view_otvorena_vrata` (
`id` int(11)
,`ucitelj_id` int(11)
,`profesor_id` int(11)
,`roditelj_id` int(11)
,`roditelj_ime` varchar(255)
,`roditelj_prezime` varchar(255)
,`ucenik_ime` varchar(255)
,`ucenik_prezime` varchar(255)
,`status` int(11)
);

-- --------------------------------------------------------

--
-- Stand-in structure for view `view_otvorena_vrata_roditelj`
-- (See below for the actual view)
--
DROP VIEW IF EXISTS `view_otvorena_vrata_roditelj`;
CREATE TABLE IF NOT EXISTS `view_otvorena_vrata_roditelj` (
`roditelj_id` int(11)
,`roditelj_firs_name` varchar(255)
,`roditelj_last_name` varchar(255)
,`ucenik` int(11)
,`predmet_id` int(11)
,`predmet` varchar(255)
,`profesor_first_name` varchar(255)
,`profesor_last_name` varchar(255)
,`otvorena_vrata` varchar(11)
,`status_otvorena_vrata` int(11)
);

-- --------------------------------------------------------

--
-- Stand-in structure for view `view_otvorena_vrata_ucitelj`
-- (See below for the actual view)
--
DROP VIEW IF EXISTS `view_otvorena_vrata_ucitelj`;
CREATE TABLE IF NOT EXISTS `view_otvorena_vrata_ucitelj` (
`ucenik_id` int(11)
,`ucitelj_first_name` varchar(255)
,`ucitelj_last_name` varchar(255)
,`otvorena_vrata` varchar(20)
,`status` int(11)
);

-- --------------------------------------------------------

--
-- Stand-in structure for view `view_otvorena_vrata_zakazivanje`
-- (See below for the actual view)
--
DROP VIEW IF EXISTS `view_otvorena_vrata_zakazivanje`;
CREATE TABLE IF NOT EXISTS `view_otvorena_vrata_zakazivanje` (
`roditelj_id` int(11)
,`roditelj_firs_name` varchar(255)
,`roditelj_last_name` varchar(255)
,`ucenik` int(11)
,`predmet_id` int(11)
,`predmet` varchar(255)
,`profesor_first_name` varchar(255)
,`profesor_last_name` varchar(255)
,`otvorena_vrata` varchar(11)
,`profesor_id` int(11)
);

-- --------------------------------------------------------

--
-- Stand-in structure for view `view_ucenik-roditelj`
-- (See below for the actual view)
--
DROP VIEW IF EXISTS `view_ucenik-roditelj`;
CREATE TABLE IF NOT EXISTS `view_ucenik-roditelj` (
`ucenik_id` int(11)
,`ucenik_ime` varchar(255)
,`ucenik_prezime` varchar(255)
,`roditelj_id` int(11)
,`roditelj_ime` varchar(255)
,`roditelj_prezime` varchar(255)
,`razred` int(11)
,`odeljenje` int(11)
);

-- --------------------------------------------------------

--
-- Structure for view `view_massimo`
--
DROP TABLE IF EXISTS `view_massimo`;

CREATE ALGORITHM=UNDEFINED DEFINER=`root`@`localhost` SQL SECURITY DEFINER VIEW `view_massimo`  AS  select `ucenik`.`id` AS `id`,`ucenik`.`first_name` AS `first_name`,`ucenik`.`last_name` AS `last_name`,`ocene`.`ocena` AS `ocena`,`predmet`.`predmet` AS `predmet`,`razred`.`razred` AS `razred`,`odeljenje`.`odeljenje` AS `odeljenje` from ((((`ucenik` join `ocene` on((`ocene`.`ucenik_id` = `ucenik`.`id`))) join `predmet` on((`ocene`.`predmet_id` = `predmet`.`id`))) join `razred` on((`ucenik`.`razred_id` = `razred`.`id`))) join `odeljenje` on((`ucenik`.`odeljenje_id` = `odeljenje`.`id`))) ;

-- --------------------------------------------------------

--
-- Structure for view `view_massimo_odeljenje-profesor`
--
DROP TABLE IF EXISTS `view_massimo_odeljenje-profesor`;

CREATE ALGORITHM=UNDEFINED DEFINER=`root`@`localhost` SQL SECURITY DEFINER VIEW `view_massimo_odeljenje-profesor`  AS  select `razred`.`razred` AS `razred`,`odeljenje`.`odeljenje` AS `odeljenje`,`profesor`.`id` AS `id`,`profesor`.`first_name` AS `first_name`,`profesor`.`last_name` AS `last_name`,`predmet`.`predmet` AS `predmet`,`predmet`.`id` AS `predmet_id` from ((((`staresina` join `razred` on((`staresina`.`razred_id` = `razred`.`id`))) join `odeljenje` on((`staresina`.`odeljenje_id` = `odeljenje`.`id`))) join `profesor` on((`staresina`.`profesor_id` = `profesor`.`id`))) join `predmet` on((`profesor`.`predmet_id` = `predmet`.`id`))) ;

-- --------------------------------------------------------

--
-- Structure for view `view_massimo_odeljenje-ucenici`
--
DROP TABLE IF EXISTS `view_massimo_odeljenje-ucenici`;

CREATE ALGORITHM=UNDEFINED DEFINER=`root`@`localhost` SQL SECURITY DEFINER VIEW `view_massimo_odeljenje-ucenici`  AS  select `razred`.`razred` AS `razred`,`odeljenje`.`odeljenje` AS `odeljenje`,`ucenik`.`id` AS `ucenik_id`,`ucenik`.`first_name` AS `ucenik_ime`,`ucenik`.`last_name` AS `ucenik_prezime` from ((`ucenik` join `razred` on((`ucenik`.`razred_id` = `razred`.`id`))) join `odeljenje` on((`ucenik`.`odeljenje_id` = `odeljenje`.`id`))) ;

-- --------------------------------------------------------

--
-- Structure for view `view_massimo_odeljenje-ucitelj`
--
DROP TABLE IF EXISTS `view_massimo_odeljenje-ucitelj`;

CREATE ALGORITHM=UNDEFINED DEFINER=`root`@`localhost` SQL SECURITY DEFINER VIEW `view_massimo_odeljenje-ucitelj`  AS  select `razred`.`razred` AS `razred`,`odeljenje`.`odeljenje` AS `odeljenje`,`ucitelj`.`id` AS `id`,`ucitelj`.`first_name` AS `first_name`,`ucitelj`.`last_name` AS `last_name` from (((`staresina` join `razred` on((`staresina`.`razred_id` = `razred`.`id`))) join `odeljenje` on((`staresina`.`odeljenje_id` = `odeljenje`.`id`))) join `ucitelj` on((`staresina`.`ucitelj_id` = `ucitelj`.`id`))) ;

-- --------------------------------------------------------

--
-- Structure for view `view_massimo_opravdanja_profesor`
--
DROP TABLE IF EXISTS `view_massimo_opravdanja_profesor`;

CREATE ALGORITHM=UNDEFINED DEFINER=`root`@`localhost` SQL SECURITY DEFINER VIEW `view_massimo_opravdanja_profesor`  AS  select `opravdanja`.`id` AS `id`,`opravdanja`.`procitano` AS `procitano`,`roditelj`.`id` AS `roditelj_id`,`roditelj`.`first_name` AS `roditelj_ime`,`roditelj`.`last_name` AS `roditelj_prezime`,`ucenik`.`id` AS `ucenik_id`,`ucenik`.`first_name` AS `ucenik_ime`,`ucenik`.`last_name` AS `ucenik_prezime`,`profesor`.`id` AS `profesor_id`,`profesor`.`first_name` AS `profesor_ime`,`profesor`.`last_name` AS `profesor_prezime`,`opravdanja`.`sadrzaj` AS `sadrzaj`,`opravdanja`.`slika` AS `slika`,`opravdanja`.`vreme` AS `vreme` from (((`opravdanja` join `roditelj` on((`opravdanja`.`roditelj_id` = `roditelj`.`id`))) join `ucenik` on((`roditelj`.`ucenik_id` = `ucenik`.`id`))) join `profesor` on((`opravdanja`.`profesor_id` = `profesor`.`id`))) ;

-- --------------------------------------------------------

--
-- Structure for view `view_massimo_opravdanja_ucitelji`
--
DROP TABLE IF EXISTS `view_massimo_opravdanja_ucitelji`;

CREATE ALGORITHM=UNDEFINED DEFINER=`root`@`localhost` SQL SECURITY DEFINER VIEW `view_massimo_opravdanja_ucitelji`  AS  select `opravdanja`.`id` AS `id`,`opravdanja`.`procitano` AS `procitano`,`roditelj`.`id` AS `roditelj_id`,`roditelj`.`first_name` AS `roditelj_ime`,`roditelj`.`last_name` AS `roditelj_prezime`,`ucenik`.`id` AS `ucenik_id`,`ucenik`.`first_name` AS `ucenik_ime`,`ucenik`.`last_name` AS `ucenik_prezime`,`ucitelj`.`id` AS `ucitelj_id`,`ucitelj`.`first_name` AS `ucitelj_ime`,`ucitelj`.`last_name` AS `ucitelj_prezime`,`opravdanja`.`sadrzaj` AS `sadrzaj`,`opravdanja`.`slika` AS `slika`,`opravdanja`.`vreme` AS `vreme` from (((`opravdanja` join `roditelj` on((`opravdanja`.`roditelj_id` = `roditelj`.`id`))) join `ucenik` on((`roditelj`.`ucenik_id` = `ucenik`.`id`))) join `ucitelj` on((`opravdanja`.`ucitelj_id` = `ucitelj`.`id`))) ;

-- --------------------------------------------------------

--
-- Structure for view `view_massimo_posts`
--
DROP TABLE IF EXISTS `view_massimo_posts`;

CREATE ALGORITHM=UNDEFINED DEFINER=`root`@`localhost` SQL SECURITY DEFINER VIEW `view_massimo_posts`  AS  select `posts`.`id` AS `id`,`posts`.`title` AS `title`,`posts`.`slug` AS `slug`,`posts`.`body` AS `body`,`posts`.`created_at` AS `created_at`,`posts`.`user_id` AS `user_id`,`user`.`username` AS `username`,`user`.`role` AS `role` from (`posts` join `user` on((`posts`.`user_id` = `user`.`id`))) ;

-- --------------------------------------------------------

--
-- Structure for view `view_massimo_predmeti_po_razredima`
--
DROP TABLE IF EXISTS `view_massimo_predmeti_po_razredima`;

CREATE ALGORITHM=UNDEFINED DEFINER=`root`@`localhost` SQL SECURITY DEFINER VIEW `view_massimo_predmeti_po_razredima`  AS  select `predmet`.`id` AS `id`,`predmet`.`predmet` AS `predmet`,`razred`.`razred` AS `razred` from ((`predmeti_po_razredima` join `predmet` on((`predmeti_po_razredima`.`predmet_id` = `predmet`.`id`))) join `razred` on((`predmeti_po_razredima`.`razred_id` = `razred`.`id`))) ;

-- --------------------------------------------------------

--
-- Structure for view `view_massimo_razredi-profesor`
--
DROP TABLE IF EXISTS `view_massimo_razredi-profesor`;

CREATE ALGORITHM=UNDEFINED DEFINER=`root`@`localhost` SQL SECURITY DEFINER VIEW `view_massimo_razredi-profesor`  AS  select `ucenik`.`first_name` AS `ucenik_ime`,`ucenik`.`last_name` AS `ucenik_prezime`,`roditelj`.`first_name` AS `roditelj_ime`,`roditelj`.`last_name` AS `roditelj_prezime`,`razred`.`razred` AS `razred`,`odeljenje`.`odeljenje` AS `odeljenje`,`profesor`.`first_name` AS `razredni_ime`,`profesor`.`last_name` AS `razredni_prezime`,`profesor`.`user_id` AS `user_id` from ((((`ucenik` join `roditelj` on((`roditelj`.`ucenik_id` = `ucenik`.`id`))) join `razred` on((`ucenik`.`razred_id` = `razred`.`id`))) join `odeljenje` on((`ucenik`.`odeljenje_id` = `odeljenje`.`id`))) join `profesor` on((`ucenik`.`profesor_id` = `profesor`.`id`))) ;

-- --------------------------------------------------------

--
-- Structure for view `view_massimo_razredi-ucitelj`
--
DROP TABLE IF EXISTS `view_massimo_razredi-ucitelj`;

CREATE ALGORITHM=UNDEFINED DEFINER=`root`@`localhost` SQL SECURITY DEFINER VIEW `view_massimo_razredi-ucitelj`  AS  select `ucenik`.`first_name` AS `ucenik_ime`,`ucenik`.`last_name` AS `ucenik_prezime`,`roditelj`.`first_name` AS `roditelj_ime`,`roditelj`.`last_name` AS `roditelj_prezime`,`razred`.`razred` AS `razred`,`odeljenje`.`odeljenje` AS `odeljenje`,`ucitelj`.`first_name` AS `ucitelj_ime`,`ucitelj`.`last_name` AS `ucitelj_prezime`,`ucitelj`.`user_id` AS `user_id` from ((((`ucenik` join `roditelj` on((`roditelj`.`ucenik_id` = `ucenik`.`id`))) join `razred` on((`ucenik`.`razred_id` = `razred`.`id`))) join `odeljenje` on((`ucenik`.`odeljenje_id` = `odeljenje`.`id`))) join `ucitelj` on((`ucenik`.`ucitelj_id` = `ucitelj`.`id`))) ;

-- --------------------------------------------------------

--
-- Structure for view `view_massimo_roditelj-ucenik`
--
DROP TABLE IF EXISTS `view_massimo_roditelj-ucenik`;

CREATE ALGORITHM=UNDEFINED DEFINER=`root`@`localhost` SQL SECURITY DEFINER VIEW `view_massimo_roditelj-ucenik`  AS  select `roditelj`.`id` AS `id`,`roditelj`.`first_name` AS `ime`,`roditelj`.`last_name` AS `prezime`,`roditelj`.`jmbg` AS `jmbg`,`ucenik`.`first_name` AS `dete_ime`,`ucenik`.`last_name` AS `dete_prezime` from (`roditelj` join `ucenik` on((`roditelj`.`ucenik_id` = `ucenik`.`id`))) ;

-- --------------------------------------------------------

--
-- Structure for view `view_ocena-odeljenje-razred`
--
DROP TABLE IF EXISTS `view_ocena-odeljenje-razred`;

CREATE ALGORITHM=UNDEFINED DEFINER=`root`@`localhost` SQL SECURITY DEFINER VIEW `view_ocena-odeljenje-razred`  AS  select `ocene`.`ocena` AS `ocena`,`ucenik`.`razred_id` AS `razred_id`,`ucenik`.`odeljenje_id` AS `odeljenje_id`,`predmet`.`predmet` AS `predmet` from ((`ocene` join `ucenik` on((`ocene`.`ucenik_id` = `ucenik`.`id`))) join `predmet` on((`ocene`.`predmet_id` = `predmet`.`id`))) ;

-- --------------------------------------------------------

--
-- Structure for view `view_otvorena_vrata`
--
DROP TABLE IF EXISTS `view_otvorena_vrata`;

CREATE ALGORITHM=UNDEFINED DEFINER=`root`@`localhost` SQL SECURITY DEFINER VIEW `view_otvorena_vrata`  AS  select `otvorena_vrata`.`id` AS `id`,`otvorena_vrata`.`ucitelj_id` AS `ucitelj_id`,`otvorena_vrata`.`profesor_id` AS `profesor_id`,`otvorena_vrata`.`roditelj_id` AS `roditelj_id`,`roditelj`.`first_name` AS `roditelj_ime`,`roditelj`.`last_name` AS `roditelj_prezime`,`ucenik`.`first_name` AS `ucenik_ime`,`ucenik`.`last_name` AS `ucenik_prezime`,`otvorena_vrata`.`status` AS `status` from ((`otvorena_vrata` join `roditelj` on((`otvorena_vrata`.`roditelj_id` = `roditelj`.`id`))) join `ucenik` on((`roditelj`.`ucenik_id` = `ucenik`.`id`))) ;

-- --------------------------------------------------------

--
-- Structure for view `view_otvorena_vrata_roditelj`
--
DROP TABLE IF EXISTS `view_otvorena_vrata_roditelj`;

CREATE ALGORITHM=UNDEFINED DEFINER=`root`@`localhost` SQL SECURITY DEFINER VIEW `view_otvorena_vrata_roditelj`  AS  select `roditelj`.`id` AS `roditelj_id`,`roditelj`.`first_name` AS `roditelj_firs_name`,`roditelj`.`last_name` AS `roditelj_last_name`,`ucenik`.`id` AS `ucenik`,`predmeti_po_razredima`.`id` AS `predmet_id`,`predmet`.`predmet` AS `predmet`,`profesor`.`first_name` AS `profesor_first_name`,`profesor`.`last_name` AS `profesor_last_name`,`profesor`.`otvorena_vrata` AS `otvorena_vrata`,`otvorena_vrata`.`status` AS `status_otvorena_vrata` from (((((`roditelj` join `ucenik` on((`roditelj`.`ucenik_id` = `ucenik`.`id`))) join `predmeti_po_razredima` on((`ucenik`.`razred_id` = `predmeti_po_razredima`.`razred_id`))) join `predmet` on((`predmeti_po_razredima`.`predmet_id` = `predmet`.`id`))) join `profesor` on((`predmet`.`id` = `profesor`.`predmet_id`))) join `otvorena_vrata` on((`profesor`.`id` = `otvorena_vrata`.`profesor_id`))) ;

-- --------------------------------------------------------

--
-- Structure for view `view_otvorena_vrata_ucitelj`
--
DROP TABLE IF EXISTS `view_otvorena_vrata_ucitelj`;

CREATE ALGORITHM=UNDEFINED DEFINER=`root`@`localhost` SQL SECURITY DEFINER VIEW `view_otvorena_vrata_ucitelj`  AS  select `ucenik`.`id` AS `ucenik_id`,`ucitelj`.`first_name` AS `ucitelj_first_name`,`ucitelj`.`last_name` AS `ucitelj_last_name`,`ucitelj`.`otvorena_vrata` AS `otvorena_vrata`,`otvorena_vrata`.`status` AS `status` from ((`ucenik` join `ucitelj` on((`ucenik`.`ucitelj_id` = `ucitelj`.`id`))) join `otvorena_vrata` on((`ucitelj`.`id` = `otvorena_vrata`.`ucitelj_id`))) ;

-- --------------------------------------------------------

--
-- Structure for view `view_otvorena_vrata_zakazivanje`
--
DROP TABLE IF EXISTS `view_otvorena_vrata_zakazivanje`;

CREATE ALGORITHM=UNDEFINED DEFINER=`root`@`localhost` SQL SECURITY DEFINER VIEW `view_otvorena_vrata_zakazivanje`  AS  select `roditelj`.`id` AS `roditelj_id`,`roditelj`.`first_name` AS `roditelj_firs_name`,`roditelj`.`last_name` AS `roditelj_last_name`,`ucenik`.`id` AS `ucenik`,`predmeti_po_razredima`.`id` AS `predmet_id`,`predmet`.`predmet` AS `predmet`,`profesor`.`first_name` AS `profesor_first_name`,`profesor`.`last_name` AS `profesor_last_name`,`profesor`.`otvorena_vrata` AS `otvorena_vrata`,`profesor`.`id` AS `profesor_id` from ((((`roditelj` join `ucenik` on((`roditelj`.`ucenik_id` = `ucenik`.`id`))) join `predmeti_po_razredima` on((`ucenik`.`razred_id` = `predmeti_po_razredima`.`razred_id`))) join `predmet` on((`predmeti_po_razredima`.`predmet_id` = `predmet`.`id`))) join `profesor` on((`predmet`.`id` = `profesor`.`predmet_id`))) ;

-- --------------------------------------------------------

--
-- Structure for view `view_ucenik-roditelj`
--
DROP TABLE IF EXISTS `view_ucenik-roditelj`;

CREATE ALGORITHM=UNDEFINED DEFINER=`root`@`localhost` SQL SECURITY DEFINER VIEW `view_ucenik-roditelj`  AS  select `ucenik`.`id` AS `ucenik_id`,`ucenik`.`first_name` AS `ucenik_ime`,`ucenik`.`last_name` AS `ucenik_prezime`,`roditelj`.`id` AS `roditelj_id`,`roditelj`.`first_name` AS `roditelj_ime`,`roditelj`.`last_name` AS `roditelj_prezime`,`ucenik`.`razred_id` AS `razred`,`ucenik`.`odeljenje_id` AS `odeljenje` from (`ucenik` join `roditelj` on((`roditelj`.`ucenik_id` = `ucenik`.`id`))) ;

--
-- Constraints for dumped tables
--

--
-- Constraints for table `admin`
--
ALTER TABLE `admin`
  ADD CONSTRAINT `admin_ibfk_1` FOREIGN KEY (`user_id`) REFERENCES `user` (`id`);

--
-- Constraints for table `direktor`
--
ALTER TABLE `direktor`
  ADD CONSTRAINT `direktor_ibfk_1` FOREIGN KEY (`user_id`) REFERENCES `user` (`id`);

--
-- Constraints for table `predmeti_po_razredima`
--
ALTER TABLE `predmeti_po_razredima`
  ADD CONSTRAINT `predmeti_po_razredima_ibfk_1` FOREIGN KEY (`predmet_id`) REFERENCES `predmet` (`id`),
  ADD CONSTRAINT `predmeti_po_razredima_ibfk_2` FOREIGN KEY (`razred_id`) REFERENCES `razred` (`id`);
COMMIT;

/*!40101 SET CHARACTER_SET_CLIENT=@OLD_CHARACTER_SET_CLIENT */;
/*!40101 SET CHARACTER_SET_RESULTS=@OLD_CHARACTER_SET_RESULTS */;
/*!40101 SET COLLATION_CONNECTION=@OLD_COLLATION_CONNECTION */;
