-- phpMyAdmin SQL Dump
-- version 4.7.4
-- https://www.phpmyadmin.net/
--
-- Host: 127.0.0.1:3306
-- Generation Time: Oct 01, 2019 at 10:40 AM
-- Server version: 5.7.19
-- PHP Version: 7.1.9

SET SQL_MODE = "NO_AUTO_VALUE_ON_ZERO";
SET AUTOCOMMIT = 0;
START TRANSACTION;
SET time_zone = "+00:00";


/*!40101 SET @OLD_CHARACTER_SET_CLIENT=@@CHARACTER_SET_CLIENT */;
/*!40101 SET @OLD_CHARACTER_SET_RESULTS=@@CHARACTER_SET_RESULTS */;
/*!40101 SET @OLD_COLLATION_CONNECTION=@@COLLATION_CONNECTION */;
/*!40101 SET NAMES utf8mb4 */;

--
-- Database: `gradebook`
--

-- --------------------------------------------------------

--
-- Table structure for table `admin`
--

DROP TABLE IF EXISTS `admin`;
CREATE TABLE IF NOT EXISTS `admin` (
  `id` int(10) UNSIGNED NOT NULL AUTO_INCREMENT,
  `first_name` varchar(255) COLLATE utf8_unicode_ci NOT NULL,
  `last_name` varchar(255) COLLATE utf8_unicode_ci NOT NULL,
  `user_id` int(11) NOT NULL,
  PRIMARY KEY (`id`),
  KEY `user_id` (`user_id`)
) ENGINE=InnoDB AUTO_INCREMENT=2 DEFAULT CHARSET=utf8 COLLATE=utf8_unicode_ci;

--
-- Dumping data for table `admin`
--

INSERT INTO `admin` (`id`, `first_name`, `last_name`, `user_id`) VALUES
(1, 'Sasa', 'Matic', 1);

-- --------------------------------------------------------

--
-- Table structure for table `direktor`
--

DROP TABLE IF EXISTS `direktor`;
CREATE TABLE IF NOT EXISTS `direktor` (
  `id` int(10) UNSIGNED NOT NULL AUTO_INCREMENT,
  `first_name` varchar(255) COLLATE utf8_unicode_ci NOT NULL,
  `last_name` varchar(255) COLLATE utf8_unicode_ci NOT NULL,
  `user_id` int(11) NOT NULL,
  PRIMARY KEY (`id`),
  KEY `user_id` (`user_id`)
) ENGINE=InnoDB DEFAULT CHARSET=utf8 COLLATE=utf8_unicode_ci;

-- --------------------------------------------------------

--
-- Table structure for table `ocene`
--

DROP TABLE IF EXISTS `ocene`;
CREATE TABLE IF NOT EXISTS `ocene` (
  `id` int(11) NOT NULL AUTO_INCREMENT,
  `ucenik_id` int(11) NOT NULL,
  `predmet_id` int(11) NOT NULL,
  `ocena` text COLLATE utf8_unicode_ci,
  PRIMARY KEY (`id`),
  KEY `predmet_id` (`predmet_id`),
  KEY `ucenik_id` (`ucenik_id`)
) ENGINE=InnoDB AUTO_INCREMENT=19 DEFAULT CHARSET=utf8 COLLATE=utf8_unicode_ci;

--
-- Dumping data for table `ocene`
--

INSERT INTO `ocene` (`id`, `ucenik_id`, `predmet_id`, `ocena`) VALUES
(1, 1, 1, '{\"Ocene\": [\"\", \"\", \"\", \"\"], \"Zakljucna\": [\"\"]}'),
(2, 1, 2, '{\"Ocene\": [\"\", \"\", \"\", \"\"], \"Zakljucna\": [\"\"]}'),
(3, 1, 4, '{\"Ocene\": [\"\", \"\", \"\", \"\"], \"Zakljucna\": [\"\"]}'),
(4, 1, 5, '{\"Ocene\": [\"\", \"\", \"\", \"\"], \"Zakljucna\": [\"\"]}'),
(5, 1, 6, '{\"Ocene\": [\"\", \"\", \"\", \"\"], \"Zakljucna\": [\"\"]}'),
(6, 1, 7, '{\"Ocene\": [\"\", \"\", \"\", \"\"], \"Zakljucna\": [\"\"]}'),
(7, 1, 8, '{\"Ocene\": [\"\", \"\", \"\", \"\"], \"Zakljucna\": [\"\"]}'),
(8, 1, 9, '{\"Ocene\": [\"\", \"\", \"\", \"\"], \"Zakljucna\": [\"\"]}'),
(9, 1, 11, '{\"Ocene\": [\"\", \"\", \"\", \"\"], \"Zakljucna\": [\"\"]}'),
(10, 1, 13, '{\"Ocene\": [\"\", \"\", \"\", \"\"], \"Zakljucna\": [\"\"]}'),
(11, 1, 14, '{\"Ocene\": [\"\", \"\", \"\", \"\"], \"Zakljucna\": [\"\"]}'),
(12, 2, 1, '{\"Ocene\": [\"\", \"\", \"\", \"\"], \"Zakljucna\": [\"\"]}'),
(13, 2, 2, '{\"Ocene\": [\"\", \"\", \"\", \"\"], \"Zakljucna\": [\"\"]}'),
(14, 2, 3, '{\"Ocene\": [\"\", \"\", \"\", \"\"], \"Zakljucna\": [\"\"]}'),
(15, 2, 4, '{\"Ocene\": [\"\", \"\", \"\", \"\"], \"Zakljucna\": [\"\"]}'),
(16, 2, 5, '{\"Ocene\": [\"\", \"\", \"\", \"\"], \"Zakljucna\": [\"\"]}'),
(17, 2, 6, '{\"Ocene\": [\"\", \"\", \"\", \"\"], \"Zakljucna\": [\"\"]}'),
(18, 2, 7, '{\"Ocene\": [\"\", \"\", \"\", \"\"], \"Zakljucna\": [\"\"]}');

-- --------------------------------------------------------

--
-- Table structure for table `odeljenje`
--

DROP TABLE IF EXISTS `odeljenje`;
CREATE TABLE IF NOT EXISTS `odeljenje` (
  `id` int(11) NOT NULL AUTO_INCREMENT,
  `odeljenje` int(11) NOT NULL,
  PRIMARY KEY (`id`),
  UNIQUE KEY `odeljenje` (`odeljenje`)
) ENGINE=InnoDB AUTO_INCREMENT=4 DEFAULT CHARSET=utf8 COLLATE=utf8_unicode_ci;

--
-- Dumping data for table `odeljenje`
--

INSERT INTO `odeljenje` (`id`, `odeljenje`) VALUES
(1, 1),
(2, 2),
(3, 3);

-- --------------------------------------------------------

--
-- Table structure for table `opravdanja`
--

DROP TABLE IF EXISTS `opravdanja`;
CREATE TABLE IF NOT EXISTS `opravdanja` (
  `id` int(11) NOT NULL AUTO_INCREMENT,
  `roditelj_id` int(11) NOT NULL,
  `ucitelj_id` int(11) DEFAULT NULL,
  `profesor_id` int(11) DEFAULT NULL,
  `sadrzaj` text COLLATE utf8_unicode_ci NOT NULL,
  `slika` varchar(255) COLLATE utf8_unicode_ci NOT NULL,
  `procitano` enum('0','1') COLLATE utf8_unicode_ci NOT NULL DEFAULT '0',
  `vreme` timestamp NOT NULL DEFAULT CURRENT_TIMESTAMP,
  PRIMARY KEY (`id`)
) ENGINE=InnoDB DEFAULT CHARSET=utf8 COLLATE=utf8_unicode_ci;

-- --------------------------------------------------------

--
-- Table structure for table `otvorena_vrata`
--

DROP TABLE IF EXISTS `otvorena_vrata`;
CREATE TABLE IF NOT EXISTS `otvorena_vrata` (
  `id` int(11) NOT NULL AUTO_INCREMENT,
  `roditelj_id` int(11) NOT NULL,
  `profesor_id` int(11) DEFAULT NULL,
  `ucitelj_id` int(11) DEFAULT NULL,
  `status` int(11) NOT NULL,
  PRIMARY KEY (`id`),
  UNIQUE KEY `id` (`id`),
  KEY `last_name` (`profesor_id`),
  KEY `lest_name` (`roditelj_id`),
  KEY `ucitelj` (`ucitelj_id`),
  KEY `id_2` (`id`),
  KEY `id_3` (`id`)
) ENGINE=InnoDB DEFAULT CHARSET=utf8 COLLATE=utf8_unicode_ci;

-- --------------------------------------------------------

--
-- Table structure for table `posts`
--

DROP TABLE IF EXISTS `posts`;
CREATE TABLE IF NOT EXISTS `posts` (
  `id` int(11) NOT NULL AUTO_INCREMENT,
  `title` varchar(255) COLLATE utf8_unicode_ci NOT NULL,
  `slug` varchar(255) COLLATE utf8_unicode_ci NOT NULL,
  `body` text COLLATE utf8_unicode_ci NOT NULL,
  `created_at` timestamp NOT NULL DEFAULT CURRENT_TIMESTAMP,
  `user_id` int(11) NOT NULL,
  PRIMARY KEY (`id`)
) ENGINE=InnoDB DEFAULT CHARSET=utf8 COLLATE=utf8_unicode_ci;

-- --------------------------------------------------------

--
-- Table structure for table `predmet`
--

DROP TABLE IF EXISTS `predmet`;
CREATE TABLE IF NOT EXISTS `predmet` (
  `id` int(11) NOT NULL AUTO_INCREMENT,
  `predmet` varchar(255) COLLATE utf8_unicode_ci NOT NULL,
  PRIMARY KEY (`id`)
) ENGINE=InnoDB AUTO_INCREMENT=15 DEFAULT CHARSET=utf8 COLLATE=utf8_unicode_ci;

--
-- Dumping data for table `predmet`
--

INSERT INTO `predmet` (`id`, `predmet`) VALUES
(1, 'Srpski jezik'),
(2, 'Matematika'),
(3, 'Svet oko nas'),
(4, 'Fizicko'),
(5, 'Likovno'),
(6, 'Muzicko'),
(7, 'Engleski jezik'),
(8, 'Geografija'),
(9, 'Istorija'),
(10, 'Fizika'),
(11, 'Biologija'),
(12, 'Hemija'),
(13, 'Tehnicko'),
(14, 'Informatika');

-- --------------------------------------------------------

--
-- Table structure for table `predmeti_po_razredima`
--

DROP TABLE IF EXISTS `predmeti_po_razredima`;
CREATE TABLE IF NOT EXISTS `predmeti_po_razredima` (
  `id` int(11) NOT NULL AUTO_INCREMENT,
  `predmet_id` int(11) NOT NULL,
  `razred_id` int(11) DEFAULT NULL,
  PRIMARY KEY (`id`),
  KEY `predmet_id` (`predmet_id`,`razred_id`),
  KEY `razred_id` (`razred_id`)
) ENGINE=InnoDB AUTO_INCREMENT=78 DEFAULT CHARSET=utf8 COLLATE=utf8_unicode_ci;

--
-- Dumping data for table `predmeti_po_razredima`
--

INSERT INTO `predmeti_po_razredima` (`id`, `predmet_id`, `razred_id`) VALUES
(1, 1, 1),
(2, 1, 2),
(3, 1, 3),
(4, 1, 4),
(5, 1, 5),
(6, 1, 6),
(7, 1, 7),
(8, 1, 8),
(9, 2, 1),
(10, 2, 2),
(11, 2, 3),
(12, 2, 4),
(13, 2, 5),
(14, 2, 6),
(15, 2, 7),
(16, 2, 8),
(17, 3, 1),
(18, 3, 2),
(19, 3, 3),
(20, 3, 4),
(21, 4, 1),
(22, 4, 2),
(23, 4, 3),
(24, 4, 4),
(25, 4, 5),
(26, 4, 6),
(27, 4, 7),
(28, 4, 8),
(29, 5, 1),
(30, 5, 2),
(31, 5, 3),
(32, 5, 4),
(33, 5, 5),
(34, 5, 6),
(35, 5, 7),
(36, 5, 8),
(37, 6, 1),
(38, 6, 2),
(39, 6, 3),
(40, 6, 4),
(41, 6, 5),
(42, 6, 6),
(43, 6, 7),
(44, 6, 8),
(45, 7, 1),
(46, 7, 2),
(47, 7, 3),
(48, 7, 4),
(49, 7, 5),
(50, 7, 6),
(51, 7, 7),
(52, 7, 8),
(53, 8, 5),
(54, 8, 6),
(55, 8, 7),
(56, 8, 8),
(57, 9, 5),
(58, 9, 6),
(59, 9, 7),
(60, 9, 8),
(61, 10, 6),
(62, 10, 7),
(63, 10, 8),
(64, 11, 5),
(65, 11, 6),
(66, 11, 7),
(67, 11, 8),
(68, 12, 7),
(69, 12, 8),
(70, 13, 5),
(71, 13, 6),
(72, 13, 7),
(73, 13, 8),
(74, 14, 5),
(75, 14, 6),
(76, 14, 7),
(77, 14, 8);

-- --------------------------------------------------------

--
-- Table structure for table `profesor`
--

DROP TABLE IF EXISTS `profesor`;
CREATE TABLE IF NOT EXISTS `profesor` (
  `id` int(11) NOT NULL AUTO_INCREMENT,
  `first_name` varchar(255) COLLATE utf8_unicode_ci NOT NULL,
  `last_name` varchar(255) COLLATE utf8_unicode_ci NOT NULL,
  `user_id` int(11) NOT NULL,
  `predmet_id` int(11) NOT NULL,
  `razred_id` int(11) DEFAULT NULL,
  `odeljenje_id` int(11) DEFAULT NULL,
  `otvorena_vrata` varchar(11) COLLATE utf8_unicode_ci NOT NULL,
  PRIMARY KEY (`id`),
  KEY `predmet_id` (`predmet_id`),
  KEY `user_id` (`user_id`),
  KEY `razred_id` (`razred_id`),
  KEY `odeljenje_id` (`odeljenje_id`)
) ENGINE=InnoDB AUTO_INCREMENT=2 DEFAULT CHARSET=utf8 COLLATE=utf8_unicode_ci;

--
-- Dumping data for table `profesor`
--

INSERT INTO `profesor` (`id`, `first_name`, `last_name`, `user_id`, `predmet_id`, `razred_id`, `odeljenje_id`, `otvorena_vrata`) VALUES
(1, 'Aca', 'Lukas', 2, 5, 5, 1, '');

-- --------------------------------------------------------

--
-- Table structure for table `prof_raspored`
--

DROP TABLE IF EXISTS `prof_raspored`;
CREATE TABLE IF NOT EXISTS `prof_raspored` (
  `id` int(11) NOT NULL AUTO_INCREMENT,
  `day` int(11) NOT NULL,
  `Cas1` float DEFAULT NULL,
  `Cas2` float DEFAULT NULL,
  `Cas3` float DEFAULT NULL,
  `Cas4` float DEFAULT NULL,
  `Cas5` float DEFAULT NULL,
  `Cas6` float DEFAULT NULL,
  `Cas7` float DEFAULT NULL,
  `prof_id` int(11) NOT NULL,
  PRIMARY KEY (`id`)
) ENGINE=MyISAM AUTO_INCREMENT=11 DEFAULT CHARSET=utf8 COLLATE=utf8_unicode_ci;

--
-- Dumping data for table `prof_raspored`
--

INSERT INTO `prof_raspored` (`id`, `day`, `Cas1`, `Cas2`, `Cas3`, `Cas4`, `Cas5`, `Cas6`, `Cas7`, `prof_id`) VALUES
(1, 1, 0, 0, 0, 0, 0, 0, 0, 1),
(2, 2, 0, 0, 0, 5.1, 0, 0, 0, 1),
(3, 3, 0, 0, 0, 0, 0, 0, 0, 1),
(4, 4, 0, 0, 0, 0, 0, 0, 0, 1),
(5, 5, 0, 0, 0, 0, 0, 0, 0, 1),
(6, 1, 0, 0, 0, 0, 0, 0, 0, 1),
(7, 2, 0, 0, 0, 5.1, 0, 0, 0, 1),
(8, 3, 0, 0, 0, 0, 0, 0, 0, 1),
(9, 4, 0, 0, 0, 0, 0, 0, 0, 1),
(10, 5, 0, 0, 0, 0, 0, 0, 0, 1);

-- --------------------------------------------------------

--
-- Table structure for table `raspored`
--

DROP TABLE IF EXISTS `raspored`;
CREATE TABLE IF NOT EXISTS `raspored` (
  `id` int(11) NOT NULL AUTO_INCREMENT,
  `day` int(11) NOT NULL,
  `Cas1` int(11) DEFAULT NULL,
  `Cas2` int(11) DEFAULT NULL,
  `Cas3` int(11) DEFAULT NULL,
  `Cas4` int(11) DEFAULT NULL,
  `Cas5` int(11) DEFAULT NULL,
  `Cas6` int(11) DEFAULT NULL,
  `Cas7` int(11) DEFAULT NULL,
  `odeljenje_id` int(11) NOT NULL,
  `razred_id` int(11) NOT NULL,
  PRIMARY KEY (`id`)
) ENGINE=MyISAM AUTO_INCREMENT=121 DEFAULT CHARSET=utf32 COLLATE=utf32_unicode_ci;

--
-- Dumping data for table `raspored`
--

INSERT INTO `raspored` (`id`, `day`, `Cas1`, `Cas2`, `Cas3`, `Cas4`, `Cas5`, `Cas6`, `Cas7`, `odeljenje_id`, `razred_id`) VALUES
(1, 1, 1, 0, 0, 3, 2, 3, 1, 1, 1),
(2, 2, 1, 3, 6, 1, 2, 1, 6, 1, 1),
(3, 3, 0, 0, 0, 1, 0, 0, 4, 1, 1),
(4, 4, 0, 5, 1, 7, 3, 4, 0, 1, 1),
(5, 5, 0, 5, 0, 2, 1, 3, 3, 1, 1),
(6, 1, 2, 1, 0, 2, 0, 0, 0, 1, 2),
(7, 2, 1, 0, 0, 4, 0, 0, 0, 1, 2),
(8, 3, 2, 7, 0, 0, 0, 0, 0, 1, 2),
(9, 4, 0, 0, 5, 0, 0, 0, 0, 1, 2),
(10, 5, 0, 0, 4, 0, 0, 0, 0, 1, 2),
(11, 1, 1, 1, 2, 3, 6, 4, 0, 1, 3),
(12, 2, 4, 1, 6, 5, 6, 3, 7, 1, 3),
(13, 3, 2, 4, 0, 0, 0, 4, 0, 1, 3),
(14, 4, 0, 0, 0, 0, 0, 0, 0, 1, 3),
(15, 5, 0, 0, 0, 0, 0, 0, 0, 1, 3),
(16, 1, 5, 7, 2, 2, 3, 0, 0, 1, 4),
(17, 2, 6, 3, 3, 3, 1, 2, 0, 1, 4),
(18, 3, 3, 2, 4, 0, 0, 3, 2, 1, 4),
(19, 4, 0, 0, 0, 1, 0, 4, 0, 1, 4),
(20, 5, 0, 0, 0, 0, 0, 0, 0, 1, 4),
(21, 1, 0, 0, 0, 0, 0, 0, 0, 1, 5),
(22, 2, 0, 0, 0, 0, 0, 0, 0, 1, 5),
(23, 3, 0, 0, 0, 0, 0, 0, 0, 1, 5),
(24, 4, 0, 0, 0, 0, 0, 0, 0, 1, 5),
(25, 5, 0, 0, 0, 0, 0, 0, 0, 1, 5),
(26, 1, 2, 0, 8, 0, 7, 0, 0, 1, 6),
(27, 2, 0, 1, 5, 0, 5, 0, 0, 1, 6),
(28, 3, 0, 1, 0, 7, 0, 0, 1, 1, 6),
(29, 4, 0, 1, 0, 6, 0, 0, 1, 1, 6),
(30, 5, 0, 0, 6, 1, 0, 0, 0, 1, 6),
(31, 1, 5, 6, 0, 4, 4, 0, 0, 1, 7),
(32, 2, 12, 6, 5, 11, 0, 7, 0, 1, 7),
(33, 3, 0, 7, 0, 0, 9, 9, 0, 1, 7),
(34, 4, 0, 9, 0, 7, 0, 0, 8, 1, 7),
(35, 5, 0, 7, 0, 8, 7, 0, 0, 1, 7),
(36, 1, 0, 0, 4, 6, 0, 6, 8, 1, 8),
(37, 2, 0, 6, 0, 0, 5, 7, 0, 1, 8),
(38, 3, 0, 8, 0, 6, 0, 0, 0, 1, 8),
(39, 4, 0, 0, 0, 5, 0, 0, 0, 1, 8),
(40, 5, 0, 0, 0, 0, 0, 0, 0, 1, 8),
(41, 1, 0, 3, 0, 0, 0, 0, 0, 2, 1),
(42, 2, 0, 0, 0, 3, 5, 0, 0, 2, 1),
(43, 3, 0, 0, 0, 5, 0, 6, 3, 2, 1),
(44, 4, 0, 0, 0, 0, 4, 0, 0, 2, 1),
(45, 5, 0, 0, 0, 0, 0, 0, 0, 2, 1),
(46, 1, 5, 0, 0, 0, 0, 0, 0, 2, 2),
(47, 2, 0, 0, 0, 0, 0, 0, 0, 2, 2),
(48, 3, 0, 0, 0, 0, 0, 0, 0, 2, 2),
(49, 4, 0, 0, 0, 0, 0, 0, 0, 2, 2),
(50, 5, 0, 0, 0, 0, 0, 0, 0, 2, 2),
(51, 1, 7, 4, 4, 4, 5, 11, 14, 2, 3),
(52, 2, 1, 0, 6, 0, 0, 0, 0, 2, 3),
(53, 3, 2, 0, 0, 4, 0, 0, 0, 2, 3),
(54, 4, 0, 0, 0, 0, 2, 0, 0, 2, 3),
(55, 5, 0, 0, 0, 0, 0, 0, 0, 2, 3),
(56, 1, 0, 0, 0, 0, 0, 0, 0, 2, 4),
(57, 2, 0, 0, 0, 0, 0, 0, 0, 2, 4),
(58, 3, 0, 0, 0, 0, 0, 0, 0, 2, 4),
(59, 4, 0, 0, 0, 0, 0, 0, 0, 2, 4),
(60, 5, 0, 0, 0, 0, 0, 0, 0, 2, 4),
(61, 1, 7, 0, 2, 9, 11, 0, 0, 2, 5),
(62, 2, 0, 7, 9, 0, 8, 5, 9, 2, 5),
(63, 3, 0, 5, 7, 0, 6, 0, 0, 2, 5),
(64, 4, 0, 0, 7, 6, 5, 0, 6, 2, 5),
(65, 5, 0, 0, 7, 0, 6, 0, 7, 2, 5),
(66, 1, 0, 0, 7, 0, 0, 0, 0, 2, 6),
(67, 2, 0, 0, 0, 0, 0, 0, 0, 2, 6),
(68, 3, 0, 0, 0, 0, 0, 0, 0, 2, 6),
(69, 4, 0, 0, 0, 0, 0, 0, 0, 2, 6),
(70, 5, 0, 0, 0, 0, 0, 0, 0, 2, 6),
(71, 1, 0, 1, 2, 5, 6, 4, 11, 2, 7),
(72, 2, 0, 6, 8, 0, 6, 0, 0, 2, 7),
(73, 3, 9, 12, 9, 5, 6, 13, 11, 2, 7),
(74, 4, 6, 0, 7, 4, 7, 0, 7, 2, 7),
(75, 5, 0, 10, 0, 6, 6, 0, 9, 2, 7),
(76, 1, 1, 0, 5, 4, 2, 0, 0, 2, 8),
(77, 2, 0, 5, 0, 7, 0, 0, 0, 2, 8),
(78, 3, 0, 0, 0, 8, 0, 6, 0, 2, 8),
(79, 4, 0, 0, 8, 6, 0, 0, 0, 2, 8),
(80, 5, 0, 0, 7, 6, 0, 0, 1, 2, 8),
(81, 1, 0, 0, 0, 0, 0, 0, 0, 3, 1),
(82, 2, 0, 0, 0, 0, 0, 0, 0, 3, 1),
(83, 3, 0, 0, 0, 0, 0, 0, 0, 3, 1),
(84, 4, 0, 0, 0, 0, 0, 0, 0, 3, 1),
(85, 5, 0, 0, 0, 0, 0, 0, 0, 3, 1),
(86, 1, 6, 3, 4, 0, 0, 0, 0, 3, 2),
(87, 2, 0, 0, 3, 3, 0, 0, 0, 3, 2),
(88, 3, 0, 0, 4, 0, 0, 0, 0, 3, 2),
(89, 4, 0, 0, 0, 0, 0, 0, 0, 3, 2),
(90, 5, 0, 0, 0, 0, 0, 0, 0, 3, 2),
(91, 1, 0, 0, 7, 6, 0, 0, 0, 3, 3),
(92, 2, 0, 0, 7, 0, 0, 0, 0, 3, 3),
(93, 3, 0, 0, 0, 7, 0, 0, 0, 3, 3),
(94, 4, 0, 0, 0, 8, 0, 0, 0, 3, 3),
(95, 5, 0, 0, 0, 0, 0, 0, 0, 3, 3),
(96, 1, 0, 3, 0, 3, 0, 3, 0, 3, 4),
(97, 2, 0, 0, 0, 3, 0, 0, 0, 3, 4),
(98, 3, 0, 0, 0, 0, 5, 0, 0, 3, 4),
(99, 4, 0, 0, 0, 4, 0, 0, 0, 3, 4),
(100, 5, 0, 0, 2, 0, 0, 0, 0, 3, 4),
(101, 1, 0, 0, 0, 1, 0, 0, 0, 3, 5),
(102, 2, 0, 0, 0, 1, 0, 0, 0, 3, 5),
(103, 3, 0, 0, 0, 0, 1, 0, 0, 3, 5),
(104, 4, 0, 1, 0, 0, 0, 0, 0, 3, 5),
(105, 5, 0, 0, 0, 0, 0, 0, 0, 3, 5),
(106, 1, 0, 0, 0, 0, 0, 0, 0, 3, 6),
(107, 2, 0, 0, 0, 0, 0, 0, 0, 3, 6),
(108, 3, 0, 0, 0, 0, 0, 0, 0, 3, 6),
(109, 4, 0, 0, 0, 0, 0, 0, 0, 3, 6),
(110, 5, 0, 0, 0, 0, 0, 0, 0, 3, 6),
(111, 1, 0, 0, 0, 0, 0, 0, 0, 3, 7),
(112, 2, 0, 0, 0, 0, 0, 0, 0, 3, 7),
(113, 3, 0, 0, 0, 0, 0, 0, 0, 3, 7),
(114, 4, 0, 0, 0, 0, 0, 0, 0, 3, 7),
(115, 5, 0, 0, 0, 0, 0, 0, 0, 3, 7),
(116, 1, 1, 0, 0, 0, 0, 0, 0, 3, 8),
(117, 2, 0, 0, 0, 1, 0, 0, 0, 3, 8),
(118, 3, 0, 0, 0, 1, 0, 0, 0, 3, 8),
(119, 4, 0, 0, 0, 0, 0, 1, 0, 3, 8),
(120, 5, 0, 1, 0, 0, 0, 0, 0, 3, 8);

-- --------------------------------------------------------

--
-- Table structure for table `razred`
--

DROP TABLE IF EXISTS `razred`;
CREATE TABLE IF NOT EXISTS `razred` (
  `id` int(11) NOT NULL AUTO_INCREMENT,
  `razred` int(11) NOT NULL,
  PRIMARY KEY (`id`)
) ENGINE=InnoDB AUTO_INCREMENT=9 DEFAULT CHARSET=utf8 COLLATE=utf8_unicode_ci;

--
-- Dumping data for table `razred`
--

INSERT INTO `razred` (`id`, `razred`) VALUES
(1, 1),
(2, 2),
(3, 3),
(4, 4),
(5, 5),
(6, 6),
(7, 7),
(8, 8);

-- --------------------------------------------------------

--
-- Table structure for table `roditelj`
--

DROP TABLE IF EXISTS `roditelj`;
CREATE TABLE IF NOT EXISTS `roditelj` (
  `id` int(11) NOT NULL AUTO_INCREMENT,
  `first_name` varchar(255) COLLATE utf8_unicode_ci NOT NULL,
  `last_name` varchar(255) COLLATE utf8_unicode_ci NOT NULL,
  `jmbg` int(11) NOT NULL,
  `user_id` int(11) NOT NULL,
  `ucenik_id` int(11) NOT NULL,
  PRIMARY KEY (`id`),
  KEY `user_id` (`user_id`,`ucenik_id`),
  KEY `ucenik_id` (`ucenik_id`)
) ENGINE=InnoDB AUTO_INCREMENT=3 DEFAULT CHARSET=utf8 COLLATE=utf8_unicode_ci;

--
-- Dumping data for table `roditelj`
--

INSERT INTO `roditelj` (`id`, `first_name`, `last_name`, `jmbg`, `user_id`, `ucenik_id`) VALUES
(1, 'Srebrenka', 'Srebrnic', 1234, 3, 1),
(2, 'Isidora', 'Bijelica', 1234, 5, 2);

-- --------------------------------------------------------

--
-- Table structure for table `staresina`
--

DROP TABLE IF EXISTS `staresina`;
CREATE TABLE IF NOT EXISTS `staresina` (
  `id` int(11) NOT NULL AUTO_INCREMENT,
  `razred_id` int(11) NOT NULL,
  `odeljenje_id` int(11) NOT NULL,
  `ucitelj_id` int(11) DEFAULT NULL,
  `profesor_id` int(11) DEFAULT NULL,
  PRIMARY KEY (`id`),
  KEY `odeljenje_id` (`odeljenje_id`),
  KEY `razred_id` (`razred_id`),
  KEY `profesor_id` (`profesor_id`),
  KEY `ucitelj_id` (`ucitelj_id`)
) ENGINE=InnoDB AUTO_INCREMENT=25 DEFAULT CHARSET=utf8;

--
-- Dumping data for table `staresina`
--

INSERT INTO `staresina` (`id`, `razred_id`, `odeljenje_id`, `ucitelj_id`, `profesor_id`) VALUES
(1, 1, 1, 1, NULL),
(2, 1, 2, NULL, NULL),
(3, 1, 3, NULL, NULL),
(4, 2, 1, NULL, NULL),
(5, 2, 2, NULL, NULL),
(6, 2, 3, NULL, NULL),
(7, 3, 1, NULL, NULL),
(8, 3, 2, NULL, NULL),
(9, 3, 3, NULL, NULL),
(10, 4, 1, NULL, NULL),
(11, 4, 2, NULL, NULL),
(12, 4, 3, NULL, NULL),
(13, 5, 1, NULL, 1),
(14, 5, 2, NULL, NULL),
(15, 5, 3, NULL, NULL),
(16, 6, 1, NULL, NULL),
(17, 6, 2, NULL, NULL),
(18, 6, 3, NULL, NULL),
(19, 7, 1, NULL, NULL),
(20, 7, 2, NULL, NULL),
(21, 7, 3, NULL, NULL),
(22, 8, 1, NULL, NULL),
(23, 8, 2, NULL, NULL),
(24, 8, 3, NULL, NULL);

-- --------------------------------------------------------

--
-- Table structure for table `ucenik`
--

DROP TABLE IF EXISTS `ucenik`;
CREATE TABLE IF NOT EXISTS `ucenik` (
  `id` int(11) NOT NULL AUTO_INCREMENT,
  `first_name` varchar(255) COLLATE utf8_unicode_ci NOT NULL,
  `last_name` varchar(255) COLLATE utf8_unicode_ci NOT NULL,
  `razred_id` int(11) DEFAULT NULL,
  `odeljenje_id` int(11) DEFAULT NULL,
  `profesor_id` int(11) DEFAULT NULL,
  `ucitelj_id` int(11) DEFAULT NULL,
  PRIMARY KEY (`id`),
  KEY `razred_id` (`razred_id`,`odeljenje_id`),
  KEY `odeljenje_id` (`odeljenje_id`),
  KEY `staresina_id` (`profesor_id`),
  KEY `ucitelj_id` (`ucitelj_id`)
) ENGINE=InnoDB AUTO_INCREMENT=3 DEFAULT CHARSET=utf8 COLLATE=utf8_unicode_ci;

--
-- Dumping data for table `ucenik`
--

INSERT INTO `ucenik` (`id`, `first_name`, `last_name`, `razred_id`, `odeljenje_id`, `profesor_id`, `ucitelj_id`) VALUES
(1, 'Zlatan', 'Srebrnic', 5, 1, 1, NULL),
(2, 'Danijel', 'Bijelica', 1, 1, NULL, 1);

-- --------------------------------------------------------

--
-- Table structure for table `ucitelj`
--

DROP TABLE IF EXISTS `ucitelj`;
CREATE TABLE IF NOT EXISTS `ucitelj` (
  `id` int(11) NOT NULL AUTO_INCREMENT,
  `first_name` varchar(255) COLLATE utf8_unicode_ci NOT NULL,
  `last_name` varchar(255) COLLATE utf8_unicode_ci NOT NULL,
  `user_id` int(11) NOT NULL,
  `odeljenje_id` int(11) DEFAULT NULL,
  `razred_id` int(11) DEFAULT NULL,
  `otvorena_vrata` varchar(20) COLLATE utf8_unicode_ci NOT NULL DEFAULT 'nije postavljeno',
  PRIMARY KEY (`id`),
  KEY `user_id` (`user_id`),
  KEY `odeljenje_id` (`odeljenje_id`),
  KEY `razred_id` (`razred_id`)
) ENGINE=InnoDB AUTO_INCREMENT=2 DEFAULT CHARSET=utf8 COLLATE=utf8_unicode_ci;

--
-- Dumping data for table `ucitelj`
--

INSERT INTO `ucitelj` (`id`, `first_name`, `last_name`, `user_id`, `odeljenje_id`, `razred_id`, `otvorena_vrata`) VALUES
(1, 'Matei', 'Cina', 4, 1, 1, 'nije postavljeno');

-- --------------------------------------------------------

--
-- Table structure for table `upis_izostanci`
--

DROP TABLE IF EXISTS `upis_izostanci`;
CREATE TABLE IF NOT EXISTS `upis_izostanci` (
  `id` int(11) NOT NULL AUTO_INCREMENT,
  `day` int(11) NOT NULL,
  `razred` int(11) NOT NULL,
  `odeljenje` int(11) NOT NULL,
  `Izo1` json NOT NULL,
  `Upis1` text COLLATE utf8_unicode_ci NOT NULL,
  `Izo2` json NOT NULL,
  `Upis2` text COLLATE utf8_unicode_ci NOT NULL,
  `Izo3` json NOT NULL,
  `Upis3` text COLLATE utf8_unicode_ci NOT NULL,
  `Izo4` json NOT NULL,
  `Upis4` text COLLATE utf8_unicode_ci NOT NULL,
  `Izo5` json NOT NULL,
  `Upis5` text COLLATE utf8_unicode_ci NOT NULL,
  `Izo6` json NOT NULL,
  `Upis6` text COLLATE utf8_unicode_ci NOT NULL,
  `Izo7` json NOT NULL,
  `Upis7` text COLLATE utf8_unicode_ci NOT NULL,
  PRIMARY KEY (`id`)
) ENGINE=MyISAM AUTO_INCREMENT=242 DEFAULT CHARSET=utf8 COLLATE=utf8_unicode_ci;

--
-- Dumping data for table `upis_izostanci`
--

INSERT INTO `upis_izostanci` (`id`, `day`, `razred`, `odeljenje`, `Izo1`, `Upis1`, `Izo2`, `Upis2`, `Izo3`, `Upis3`, `Izo4`, `Upis4`, `Izo5`, `Upis5`, `Izo6`, `Upis6`, `Izo7`, `Upis7`) VALUES
(1, 0, 1, 1, '1', '1', '1', '1', '1', '1', '1', '1', '1', '1', '1', '1', '1', '1'),
(3, 1, 1, 2, '0', '0', '0', '0', '0', '0', '0', '0', '0', '0', '0', '0', '0', '0'),
(4, 1, 1, 3, '0', '0', '0', '0', '0', '0', '0', '0', '0', '0', '0', '0', '0', '0'),
(5, 1, 2, 1, '0', '0', '0', '0', '0', '0', '0', '0', '0', '0', '0', '0', '0', '0'),
(6, 1, 2, 2, '0', '0', '0', '0', '0', '0', '0', '0', '0', '0', '0', '0', '0', '0'),
(7, 1, 2, 3, '0', '0', '0', '0', '0', '0', '0', '0', '0', '0', '0', '0', '0', '0'),
(8, 1, 3, 1, '0', '0', '0', '0', '0', '0', '0', '0', '0', '0', '0', '0', '0', '0'),
(9, 1, 3, 2, '0', '0', '0', '0', '0', '0', '0', '0', '0', '0', '0', '0', '0', '0'),
(10, 1, 3, 3, '0', '0', '0', '0', '0', '0', '0', '0', '0', '0', '0', '0', '0', '0'),
(11, 1, 4, 1, '0', '0', '0', '0', '0', '0', '0', '0', '0', '0', '0', '0', '0', '0'),
(12, 1, 4, 2, '0', '0', '0', '0', '0', '0', '0', '0', '0', '0', '0', '0', '0', '0'),
(13, 1, 4, 3, '0', '0', '0', '0', '0', '0', '0', '0', '0', '0', '0', '0', '0', '0'),
(14, 1, 5, 1, '0', '0', '0', '0', '0', '0', '0', '0', '0', '0', '0', '0', '0', '0'),
(15, 1, 5, 2, '0', '0', '0', '0', '0', '0', '0', '0', '0', '0', '0', '0', '0', '0'),
(16, 1, 5, 3, '0', '0', '0', '0', '0', '0', '0', '0', '0', '0', '0', '0', '0', '0'),
(17, 1, 6, 1, '0', '0', '0', '0', '0', '0', '0', '0', '0', '0', '0', '0', '0', '0'),
(18, 1, 6, 2, '0', '0', '0', '0', '0', '0', '0', '0', '0', '0', '0', '0', '0', '0'),
(19, 1, 6, 3, '0', '0', '0', '0', '0', '0', '0', '0', '0', '0', '0', '0', '0', '0'),
(20, 1, 7, 1, '0', '0', '0', '0', '0', '0', '0', '0', '0', '0', '0', '0', '0', '0'),
(21, 1, 7, 2, '0', '0', '0', '0', '0', '0', '0', '0', '0', '0', '0', '0', '0', '0'),
(22, 1, 7, 3, '0', '0', '0', '0', '0', '0', '0', '0', '0', '0', '0', '0', '0', '0'),
(23, 1, 8, 1, '0', '0', '0', '0', '0', '0', '0', '0', '0', '0', '0', '0', '0', '0'),
(24, 1, 8, 2, '0', '0', '0', '0', '0', '0', '0', '0', '0', '0', '0', '0', '0', '0'),
(25, 1, 8, 3, '0', '0', '0', '0', '0', '0', '0', '0', '0', '0', '0', '0', '0', '0'),
(26, 2, 1, 1, '[\"86\", \"3\"]', '0', '[\"3\", \"86\"]', '0', '[\"2\", \"1\"]', ' Cetvrti Cas | 4 | 02:58:55 22-09-2019', '0', '0', '0', '0', '0', ' Hajde i ovde nesto | 4 | 03:36:30 21-09-2019', '0', '0'),
(27, 2, 1, 2, '0', '0', '0', '0', '0', '0', '0', '0', '0', '0', '0', '0', '0', '0'),
(28, 2, 1, 3, '0', '0', '0', '0', '0', '0', '0', '0', '0', '0', '0', '0', '0', '0'),
(29, 2, 2, 1, '0', '0', '0', '0', '0', '0', '0', '0', '0', '0', '0', '0', '0', '0'),
(30, 2, 2, 2, '0', '0', '0', '0', '0', '0', '0', '0', '0', '0', '0', '0', '0', '0'),
(31, 2, 2, 3, '0', '0', '0', '0', '0', '0', '0', '0', '0', '0', '0', '0', '0', '0'),
(32, 2, 3, 1, '0', '0', '0', '0', '0', '0', '0', '0', '0', '0', '0', '0', '0', '0'),
(33, 2, 3, 2, '0', '0', '0', '0', '0', '0', '0', '0', '0', '0', '0', '0', '0', '0'),
(34, 2, 3, 3, '0', '0', '0', '0', '0', '0', '0', '0', '0', '0', '0', '0', '0', '0'),
(35, 2, 4, 1, '0', '0', '0', '0', '0', '0', '0', '0', '0', '0', '0', '0', '0', '0'),
(36, 2, 4, 2, '0', '0', '0', '0', '0', '0', '0', '0', '0', '0', '0', '0', '0', '0'),
(37, 2, 4, 3, '0', '0', '0', '0', '0', '0', '0', '0', '0', '0', '0', '0', '0', '0'),
(38, 2, 5, 1, '0', '0', '0', '0', '0', '0', '0', '0', '0', '0', '0', '0', '0', '0'),
(39, 2, 5, 2, '0', '0', '0', '0', '0', '0', '0', '0', '0', '0', '0', '0', '0', '0'),
(40, 2, 5, 3, '0', '0', '0', '0', '0', '0', '0', '0', '0', '0', '0', '0', '0', '0'),
(41, 2, 6, 1, '0', '0', '0', '0', '0', '0', '0', '0', '0', '0', '0', '0', '0', '0'),
(42, 2, 6, 2, '0', '0', '0', '0', '0', '0', '0', '0', '0', '0', '0', '0', '0', '0'),
(43, 2, 6, 3, '0', '0', '0', '0', '0', '0', '0', '0', '0', '0', '0', '0', '0', '0'),
(44, 2, 7, 1, '0', '0', '0', '0', '0', '0', '0', '0', '0', '0', '0', '0', '0', '0'),
(45, 2, 7, 2, '0', '0', '0', '0', '0', '0', '0', '0', '0', '0', '0', '0', '0', '0'),
(46, 2, 7, 3, '0', '0', '0', '0', '0', '0', '0', '0', '0', '0', '0', '0', '0', '0'),
(47, 2, 8, 1, '0', '0', '0', '0', '0', '0', '0', '0', '0', '0', '0', '0', '0', '0'),
(48, 2, 8, 2, '0', '0', '0', '0', '0', '0', '0', '0', '0', '0', '0', '0', '0', '0'),
(49, 2, 8, 3, '0', '0', '0', '0', '0', '0', '0', '0', '0', '0', '0', '0', '0', '0'),
(50, 3, 1, 1, '0', '0', '0', '0', '0', '0', '[\"86\", \"3\"]', '0', '0', '0', '0', '0', '0', '0'),
(51, 3, 1, 2, '0', '0', '0', '0', '0', '0', '0', '0', '0', '0', '0', '0', '0', '0'),
(52, 3, 1, 3, '0', '0', '0', '0', '0', '0', '0', '0', '0', '0', '0', '0', '0', '0'),
(53, 3, 2, 1, '0', '0', '0', '0', '0', '0', '0', '0', '0', '0', '0', '0', '0', '0'),
(54, 3, 2, 2, '0', '0', '0', '0', '0', '0', '0', '0', '0', '0', '0', '0', '0', '0'),
(55, 3, 2, 3, '0', '0', '0', '0', '0', '0', '0', '0', '0', '0', '0', '0', '0', '0'),
(56, 3, 3, 1, '0', '0', '0', '0', '0', '0', '0', '0', '0', '0', '0', '0', '0', '0'),
(57, 3, 3, 2, '0', '0', '0', '0', '0', '0', '0', '0', '0', '0', '0', '0', '0', '0'),
(58, 3, 3, 3, '0', '0', '0', '0', '0', '0', '0', '0', '0', '0', '0', '0', '0', '0'),
(59, 3, 4, 1, '0', '0', '0', '0', '0', '0', '0', '0', '0', '0', '0', '0', '0', '0'),
(60, 3, 4, 2, '0', '0', '0', '0', '0', '0', '0', '0', '0', '0', '0', '0', '0', '0'),
(61, 3, 4, 3, '0', '0', '0', '0', '0', '0', '0', '0', '0', '0', '0', '0', '0', '0'),
(62, 3, 5, 1, '0', '0', '0', '0', '0', '0', '0', '0', '0', '0', '0', '0', '0', '0'),
(63, 3, 5, 2, '0', '0', '0', '0', '0', '0', '0', '0', '0', '0', '0', '0', '0', '0'),
(64, 3, 5, 3, '0', '0', '0', '0', '0', '0', '0', '0', '0', '0', '0', '0', '0', '0'),
(65, 3, 6, 1, '0', '0', '0', '0', '0', '0', '0', '0', '0', '0', '0', '0', '0', '0'),
(66, 3, 6, 2, '0', '0', '0', '0', '0', '0', '0', '0', '0', '0', '0', '0', '0', '0'),
(67, 3, 6, 3, '0', '0', '0', '0', '0', '0', '0', '0', '0', '0', '0', '0', '0', '0'),
(68, 3, 7, 1, '0', '0', '0', '0', '0', '0', '0', '0', '0', '0', '0', '0', '0', '0'),
(69, 3, 7, 2, '0', '0', '0', '0', '0', '0', '0', '0', '0', '0', '0', '0', '0', '0'),
(70, 3, 7, 3, '0', '0', '0', '0', '0', '0', '0', '0', '0', '0', '0', '0', '0', '0'),
(71, 3, 8, 1, '0', '0', '0', '0', '0', '0', '0', '0', '0', '0', '0', '0', '0', '0'),
(72, 3, 8, 2, '0', '0', '0', '0', '0', '0', '0', '0', '0', '0', '0', '0', '0', '0'),
(73, 3, 8, 3, '0', '0', '0', '0', '0', '0', '0', '0', '0', '0', '0', '0', '0', '0'),
(74, 4, 1, 1, '0', '0', '[\"2\", \"86\"]', '0', '0', '0', '0', '0', '0', '0', '0', '0', '0', '0'),
(75, 4, 1, 2, '0', '0', '0', '0', '0', '0', '0', '0', '0', '0', '0', '0', '0', '0'),
(76, 4, 1, 3, '0', '0', '0', '0', '0', '0', '0', '0', '0', '0', '0', '0', '0', '0'),
(77, 4, 2, 1, '0', '0', '0', '0', '0', '0', '0', '0', '0', '0', '0', '0', '0', '0'),
(78, 4, 2, 2, '0', '0', '0', '0', '0', '0', '0', '0', '0', '0', '0', '0', '0', '0'),
(79, 4, 2, 3, '0', '0', '0', '0', '0', '0', '0', '0', '0', '0', '0', '0', '0', '0'),
(80, 4, 3, 1, '0', '0', '0', '0', '0', '0', '0', '0', '0', '0', '0', '0', '0', '0'),
(81, 4, 3, 2, '0', '0', '0', '0', '0', '0', '0', '0', '0', '0', '0', '0', '0', '0'),
(82, 4, 3, 3, '0', '0', '0', '0', '0', '0', '0', '0', '0', '0', '0', '0', '0', '0'),
(83, 4, 4, 1, '0', '0', '0', '0', '0', '0', '0', '0', '0', '0', '0', '0', '0', '0'),
(84, 4, 4, 2, '0', '0', '0', '0', '0', '0', '0', '0', '0', '0', '0', '0', '0', '0'),
(85, 4, 4, 3, '0', '0', '0', '0', '0', '0', '0', '0', '0', '0', '0', '0', '0', '0'),
(86, 4, 5, 1, '0', '0', '0', '0', '0', '0', '0', '0', '0', '0', '0', '0', '0', '0'),
(87, 4, 5, 2, '0', '0', '0', '0', '0', '0', '0', '0', '0', '0', '0', '0', '0', '0'),
(88, 4, 5, 3, '0', '0', '0', '0', '0', '0', '0', '0', '0', '0', '0', '0', '0', '0'),
(89, 4, 6, 1, '0', '0', '0', '0', '0', '0', '0', '0', '0', '0', '0', '0', '0', '0'),
(90, 4, 6, 2, '0', '0', '0', '0', '0', '0', '0', '0', '0', '0', '0', '0', '0', '0'),
(91, 4, 6, 3, '0', '0', '0', '0', '0', '0', '0', '0', '0', '0', '0', '0', '0', '0'),
(92, 4, 7, 1, '0', '0', '0', '0', '0', '0', '0', '0', '0', '0', '0', '0', '0', '0'),
(93, 4, 7, 2, '0', '0', '0', '0', '0', '0', '0', '0', '0', '0', '0', '0', '0', '0'),
(94, 4, 7, 3, '0', '0', '0', '0', '0', '0', '0', '0', '0', '0', '0', '0', '0', '0'),
(95, 4, 8, 1, '0', '0', '0', '0', '0', '0', '0', '0', '0', '0', '0', '0', '0', '0'),
(96, 4, 8, 2, '0', '0', '0', '0', '0', '0', '0', '0', '0', '0', '0', '0', '0', '0'),
(97, 4, 8, 3, '0', '0', '0', '0', '0', '0', '0', '0', '0', '0', '0', '0', '0', '0'),
(98, 5, 1, 1, '0', '0', '0', '0', '0', '0', '0', '0', '0', '0', '0', '0', '0', '0'),
(99, 5, 1, 2, '0', '0', '0', '0', '0', '0', '0', '0', '0', '0', '0', '0', '0', '0'),
(100, 5, 1, 3, '0', '0', '0', '0', '0', '0', '0', '0', '0', '0', '0', '0', '0', '0'),
(101, 5, 2, 1, '0', '0', '0', '0', '0', '0', '0', '0', '0', '0', '0', '0', '0', '0'),
(102, 5, 2, 2, '0', '0', '0', '0', '0', '0', '0', '0', '0', '0', '0', '0', '0', '0'),
(103, 5, 2, 3, '0', '0', '0', '0', '0', '0', '0', '0', '0', '0', '0', '0', '0', '0'),
(104, 5, 3, 1, '0', '0', '0', '0', '0', '0', '0', '0', '0', '0', '0', '0', '0', '0'),
(105, 5, 3, 2, '0', '0', '0', '0', '0', '0', '0', '0', '0', '0', '0', '0', '0', '0'),
(106, 5, 3, 3, '0', '0', '0', '0', '0', '0', '0', '0', '0', '0', '0', '0', '0', '0'),
(107, 5, 4, 1, '0', '0', '0', '0', '0', '0', '0', '0', '0', '0', '0', '0', '0', '0'),
(108, 5, 4, 2, '0', '0', '0', '0', '0', '0', '0', '0', '0', '0', '0', '0', '0', '0'),
(109, 5, 4, 3, '0', '0', '0', '0', '0', '0', '0', '0', '0', '0', '0', '0', '0', '0'),
(110, 5, 5, 1, '0', '0', '0', '0', '0', '0', '0', '0', '0', '0', '0', '0', '0', '0'),
(111, 5, 5, 2, '0', '0', '0', '0', '0', '0', '0', '0', '0', '0', '0', '0', '0', '0'),
(112, 5, 5, 3, '0', '0', '0', '0', '0', '0', '0', '0', '0', '0', '0', '0', '0', '0'),
(113, 5, 6, 1, '0', '0', '0', '0', '0', '0', '0', '0', '0', '0', '0', '0', '0', '0'),
(114, 5, 6, 2, '0', '0', '0', '0', '0', '0', '0', '0', '0', '0', '0', '0', '0', '0'),
(115, 5, 6, 3, '0', '0', '0', '0', '0', '0', '0', '0', '0', '0', '0', '0', '0', '0'),
(116, 5, 7, 1, '0', '0', '0', '0', '0', '0', '0', '0', '0', '0', '0', '0', '0', '0'),
(117, 5, 7, 2, '0', '0', '0', '0', '0', '0', '0', '0', '0', '0', '0', '0', '0', '0'),
(118, 5, 7, 3, '0', '0', '0', '0', '0', '0', '0', '0', '0', '0', '0', '0', '0', '0'),
(119, 5, 8, 1, '0', '0', '0', '0', '0', '0', '0', '0', '0', '0', '0', '0', '0', '0'),
(120, 5, 8, 2, '0', '0', '0', '0', '0', '0', '0', '0', '0', '0', '0', '0', '0', '0'),
(121, 5, 8, 3, '0', '0', '0', '0', '0', '0', '0', '0', '0', '0', '0', '0', '0', '0'),
(122, 1, 1, 1, '[\"1\", \"86\", \"3\"]', 'Unosimo prve podatkeeeeeaa | 4 | 03:34:14 22-09-2019', '[\"2\", \"1\", \"86\"]', ' Drugi cas Ponedeljak ovo je cas Matematike | 4 | 03:49:35 21-09-2019', '{\"0\": \"2\", \"1\": \"1\", \"3\": \"3\"}', ' Unosimo trece podatke | 4 | 01:52:50 22-09-2019', '{\"0\": \"2\", \"2\": \"3\"}', ' Cetvrti Cas | 4 | 02:52:31 22-09-2019', '{\"2\": \"86\", \"3\": \"3\"}', '0', '[\"2\", \"86\"]', '0', '[]', '0'),
(123, 1, 1, 2, '0', '0', '0', '0', '0', '0', '0', '0', '0', '0', '0', '0', '0', '0'),
(124, 1, 1, 3, '0', '0', '0', '0', '0', '0', '0', '0', '0', '0', '0', '0', '0', '0'),
(125, 1, 2, 1, '0', '0', '0', '0', '0', '0', '0', '0', '0', '0', '0', '0', '0', '0'),
(126, 1, 2, 2, '0', '0', '0', '0', '0', '0', '0', '0', '0', '0', '0', '0', '0', '0'),
(127, 1, 2, 3, '0', '0', '0', '0', '0', '0', '0', '0', '0', '0', '0', '0', '0', '0'),
(128, 1, 3, 1, '0', '0', '0', '0', '0', '0', '0', '0', '0', '0', '0', '0', '0', '0'),
(129, 1, 3, 2, '0', '0', '0', '0', '0', '0', '0', '0', '0', '0', '0', '0', '0', '0'),
(130, 1, 3, 3, '0', '0', '0', '0', '0', '0', '0', '0', '0', '0', '0', '0', '0', '0'),
(131, 1, 4, 1, '0', '0', '0', '0', '0', '0', '0', '0', '0', '0', '0', '0', '0', '0'),
(132, 1, 4, 2, '0', '0', '0', '0', '0', '0', '0', '0', '0', '0', '0', '0', '0', '0'),
(133, 1, 4, 3, '0', '0', '0', '0', '0', '0', '0', '0', '0', '0', '0', '0', '0', '0'),
(134, 1, 5, 1, '0', '0', '0', '0', '0', '0', '0', '0', '0', '0', '0', '0', '0', '0'),
(135, 1, 5, 2, '0', '0', '0', '0', '0', '0', '0', '0', '0', '0', '0', '0', '0', '0'),
(136, 1, 5, 3, '0', '0', '0', '0', '0', '0', '0', '0', '0', '0', '0', '0', '0', '0'),
(137, 1, 6, 1, '0', '0', '0', '0', '0', '0', '0', '0', '0', '0', '0', '0', '0', '0'),
(138, 1, 6, 2, '0', '0', '0', '0', '0', '0', '0', '0', '0', '0', '0', '0', '0', '0'),
(139, 1, 6, 3, '0', '0', '0', '0', '0', '0', '0', '0', '0', '0', '0', '0', '0', '0'),
(140, 1, 7, 1, '0', '0', '0', '0', '0', '0', '0', '0', '0', '0', '0', '0', '0', '0'),
(141, 1, 7, 2, '0', '0', '0', '0', '0', '0', '0', '0', '0', '0', '0', '0', '0', '0'),
(142, 1, 7, 3, '0', '0', '0', '0', '0', '0', '0', '0', '0', '0', '0', '0', '0', '0'),
(143, 1, 8, 1, '0', '0', '0', '0', '0', '0', '0', '0', '0', '0', '0', '0', '0', '0'),
(144, 1, 8, 2, '0', '0', '0', '0', '0', '0', '0', '0', '0', '0', '0', '0', '0', '0'),
(145, 1, 8, 3, '0', '0', '0', '0', '0', '0', '0', '0', '0', '0', '0', '0', '0', '0'),
(146, 2, 1, 1, '[\"86\", \"3\"]', '0', '[\"3\", \"86\"]', '0', '[\"2\", \"1\"]', ' Cetvrti Cas | 4 | 02:58:55 22-09-2019', '0', '0', '0', '0', '0', ' Hajde i ovde nesto | 4 | 03:36:30 21-09-2019', '0', '0'),
(147, 2, 1, 2, '0', '0', '0', '0', '0', '0', '0', '0', '0', '0', '0', '0', '0', '0'),
(148, 2, 1, 3, '0', '0', '0', '0', '0', '0', '0', '0', '0', '0', '0', '0', '0', '0'),
(149, 2, 2, 1, '0', '0', '0', '0', '0', '0', '0', '0', '0', '0', '0', '0', '0', '0'),
(150, 2, 2, 2, '0', '0', '0', '0', '0', '0', '0', '0', '0', '0', '0', '0', '0', '0'),
(151, 2, 2, 3, '0', '0', '0', '0', '0', '0', '0', '0', '0', '0', '0', '0', '0', '0'),
(152, 2, 3, 1, '0', '0', '0', '0', '0', '0', '0', '0', '0', '0', '0', '0', '0', '0'),
(153, 2, 3, 2, '0', '0', '0', '0', '0', '0', '0', '0', '0', '0', '0', '0', '0', '0'),
(154, 2, 3, 3, '0', '0', '0', '0', '0', '0', '0', '0', '0', '0', '0', '0', '0', '0'),
(155, 2, 4, 1, '0', '0', '0', '0', '0', '0', '0', '0', '0', '0', '0', '0', '0', '0'),
(156, 2, 4, 2, '0', '0', '0', '0', '0', '0', '0', '0', '0', '0', '0', '0', '0', '0'),
(157, 2, 4, 3, '0', '0', '0', '0', '0', '0', '0', '0', '0', '0', '0', '0', '0', '0'),
(158, 2, 5, 1, '0', '0', '0', '0', '0', '0', '0', '0', '0', '0', '0', '0', '0', '0'),
(159, 2, 5, 2, '0', '0', '0', '0', '0', '0', '0', '0', '0', '0', '0', '0', '0', '0'),
(160, 2, 5, 3, '0', '0', '0', '0', '0', '0', '0', '0', '0', '0', '0', '0', '0', '0'),
(161, 2, 6, 1, '0', '0', '0', '0', '0', '0', '0', '0', '0', '0', '0', '0', '0', '0'),
(162, 2, 6, 2, '0', '0', '0', '0', '0', '0', '0', '0', '0', '0', '0', '0', '0', '0'),
(163, 2, 6, 3, '0', '0', '0', '0', '0', '0', '0', '0', '0', '0', '0', '0', '0', '0'),
(164, 2, 7, 1, '0', '0', '0', '0', '0', '0', '0', '0', '0', '0', '0', '0', '0', '0'),
(165, 2, 7, 2, '0', '0', '0', '0', '0', '0', '0', '0', '0', '0', '0', '0', '0', '0'),
(166, 2, 7, 3, '0', '0', '0', '0', '0', '0', '0', '0', '0', '0', '0', '0', '0', '0'),
(167, 2, 8, 1, '0', '0', '0', '0', '0', '0', '0', '0', '0', '0', '0', '0', '0', '0'),
(168, 2, 8, 2, '0', '0', '0', '0', '0', '0', '0', '0', '0', '0', '0', '0', '0', '0'),
(169, 2, 8, 3, '0', '0', '0', '0', '0', '0', '0', '0', '0', '0', '0', '0', '0', '0'),
(170, 3, 1, 1, '0', '0', '0', '0', '0', '0', '[\"86\", \"3\"]', '0', '0', '0', '0', '0', '0', '0'),
(171, 3, 1, 2, '0', '0', '0', '0', '0', '0', '0', '0', '0', '0', '0', '0', '0', '0'),
(172, 3, 1, 3, '0', '0', '0', '0', '0', '0', '0', '0', '0', '0', '0', '0', '0', '0'),
(173, 3, 2, 1, '0', '0', '0', '0', '0', '0', '0', '0', '0', '0', '0', '0', '0', '0'),
(174, 3, 2, 2, '0', '0', '0', '0', '0', '0', '0', '0', '0', '0', '0', '0', '0', '0'),
(175, 3, 2, 3, '0', '0', '0', '0', '0', '0', '0', '0', '0', '0', '0', '0', '0', '0'),
(176, 3, 3, 1, '0', '0', '0', '0', '0', '0', '0', '0', '0', '0', '0', '0', '0', '0'),
(177, 3, 3, 2, '0', '0', '0', '0', '0', '0', '0', '0', '0', '0', '0', '0', '0', '0'),
(178, 3, 3, 3, '0', '0', '0', '0', '0', '0', '0', '0', '0', '0', '0', '0', '0', '0'),
(179, 3, 4, 1, '0', '0', '0', '0', '0', '0', '0', '0', '0', '0', '0', '0', '0', '0'),
(180, 3, 4, 2, '0', '0', '0', '0', '0', '0', '0', '0', '0', '0', '0', '0', '0', '0'),
(181, 3, 4, 3, '0', '0', '0', '0', '0', '0', '0', '0', '0', '0', '0', '0', '0', '0'),
(182, 3, 5, 1, '0', '0', '0', '0', '0', '0', '0', '0', '0', '0', '0', '0', '0', '0'),
(183, 3, 5, 2, '0', '0', '0', '0', '0', '0', '0', '0', '0', '0', '0', '0', '0', '0'),
(184, 3, 5, 3, '0', '0', '0', '0', '0', '0', '0', '0', '0', '0', '0', '0', '0', '0'),
(185, 3, 6, 1, '0', '0', '0', '0', '0', '0', '0', '0', '0', '0', '0', '0', '0', '0'),
(186, 3, 6, 2, '0', '0', '0', '0', '0', '0', '0', '0', '0', '0', '0', '0', '0', '0'),
(187, 3, 6, 3, '0', '0', '0', '0', '0', '0', '0', '0', '0', '0', '0', '0', '0', '0'),
(188, 3, 7, 1, '0', '0', '0', '0', '0', '0', '0', '0', '0', '0', '0', '0', '0', '0'),
(189, 3, 7, 2, '0', '0', '0', '0', '0', '0', '0', '0', '0', '0', '0', '0', '0', '0'),
(190, 3, 7, 3, '0', '0', '0', '0', '0', '0', '0', '0', '0', '0', '0', '0', '0', '0'),
(191, 3, 8, 1, '0', '0', '0', '0', '0', '0', '0', '0', '0', '0', '0', '0', '0', '0'),
(192, 3, 8, 2, '0', '0', '0', '0', '0', '0', '0', '0', '0', '0', '0', '0', '0', '0'),
(193, 3, 8, 3, '0', '0', '0', '0', '0', '0', '0', '0', '0', '0', '0', '0', '0', '0'),
(194, 4, 1, 1, '0', '0', '[\"2\", \"86\"]', '0', '0', '0', '0', '0', '0', '0', '0', '0', '0', '0'),
(195, 4, 1, 2, '0', '0', '0', '0', '0', '0', '0', '0', '0', '0', '0', '0', '0', '0'),
(196, 4, 1, 3, '0', '0', '0', '0', '0', '0', '0', '0', '0', '0', '0', '0', '0', '0'),
(197, 4, 2, 1, '0', '0', '0', '0', '0', '0', '0', '0', '0', '0', '0', '0', '0', '0'),
(198, 4, 2, 2, '0', '0', '0', '0', '0', '0', '0', '0', '0', '0', '0', '0', '0', '0'),
(199, 4, 2, 3, '0', '0', '0', '0', '0', '0', '0', '0', '0', '0', '0', '0', '0', '0'),
(200, 4, 3, 1, '0', '0', '0', '0', '0', '0', '0', '0', '0', '0', '0', '0', '0', '0'),
(201, 4, 3, 2, '0', '0', '0', '0', '0', '0', '0', '0', '0', '0', '0', '0', '0', '0'),
(202, 4, 3, 3, '0', '0', '0', '0', '0', '0', '0', '0', '0', '0', '0', '0', '0', '0'),
(203, 4, 4, 1, '0', '0', '0', '0', '0', '0', '0', '0', '0', '0', '0', '0', '0', '0'),
(204, 4, 4, 2, '0', '0', '0', '0', '0', '0', '0', '0', '0', '0', '0', '0', '0', '0'),
(205, 4, 4, 3, '0', '0', '0', '0', '0', '0', '0', '0', '0', '0', '0', '0', '0', '0'),
(206, 4, 5, 1, '0', '0', '0', '0', '0', '0', '0', '0', '0', '0', '0', '0', '0', '0'),
(207, 4, 5, 2, '0', '0', '0', '0', '0', '0', '0', '0', '0', '0', '0', '0', '0', '0'),
(208, 4, 5, 3, '0', '0', '0', '0', '0', '0', '0', '0', '0', '0', '0', '0', '0', '0'),
(209, 4, 6, 1, '0', '0', '0', '0', '0', '0', '0', '0', '0', '0', '0', '0', '0', '0'),
(210, 4, 6, 2, '0', '0', '0', '0', '0', '0', '0', '0', '0', '0', '0', '0', '0', '0'),
(211, 4, 6, 3, '0', '0', '0', '0', '0', '0', '0', '0', '0', '0', '0', '0', '0', '0'),
(212, 4, 7, 1, '0', '0', '0', '0', '0', '0', '0', '0', '0', '0', '0', '0', '0', '0'),
(213, 4, 7, 2, '0', '0', '0', '0', '0', '0', '0', '0', '0', '0', '0', '0', '0', '0'),
(214, 4, 7, 3, '0', '0', '0', '0', '0', '0', '0', '0', '0', '0', '0', '0', '0', '0'),
(215, 4, 8, 1, '0', '0', '0', '0', '0', '0', '0', '0', '0', '0', '0', '0', '0', '0'),
(216, 4, 8, 2, '0', '0', '0', '0', '0', '0', '0', '0', '0', '0', '0', '0', '0', '0'),
(217, 4, 8, 3, '0', '0', '0', '0', '0', '0', '0', '0', '0', '0', '0', '0', '0', '0'),
(218, 5, 1, 1, '0', '0', '0', '0', '0', '0', '0', '0', '0', '0', '0', '0', '0', '0'),
(219, 5, 1, 2, '0', '0', '0', '0', '0', '0', '0', '0', '0', '0', '0', '0', '0', '0'),
(220, 5, 1, 3, '0', '0', '0', '0', '0', '0', '0', '0', '0', '0', '0', '0', '0', '0'),
(221, 5, 2, 1, '0', '0', '0', '0', '0', '0', '0', '0', '0', '0', '0', '0', '0', '0'),
(222, 5, 2, 2, '0', '0', '0', '0', '0', '0', '0', '0', '0', '0', '0', '0', '0', '0'),
(223, 5, 2, 3, '0', '0', '0', '0', '0', '0', '0', '0', '0', '0', '0', '0', '0', '0'),
(224, 5, 3, 1, '0', '0', '0', '0', '0', '0', '0', '0', '0', '0', '0', '0', '0', '0'),
(225, 5, 3, 2, '0', '0', '0', '0', '0', '0', '0', '0', '0', '0', '0', '0', '0', '0'),
(226, 5, 3, 3, '0', '0', '0', '0', '0', '0', '0', '0', '0', '0', '0', '0', '0', '0'),
(227, 5, 4, 1, '0', '0', '0', '0', '0', '0', '0', '0', '0', '0', '0', '0', '0', '0'),
(228, 5, 4, 2, '0', '0', '0', '0', '0', '0', '0', '0', '0', '0', '0', '0', '0', '0'),
(229, 5, 4, 3, '0', '0', '0', '0', '0', '0', '0', '0', '0', '0', '0', '0', '0', '0'),
(230, 5, 5, 1, '0', '0', '0', '0', '0', '0', '0', '0', '0', '0', '0', '0', '0', '0'),
(231, 5, 5, 2, '0', '0', '0', '0', '0', '0', '0', '0', '0', '0', '0', '0', '0', '0'),
(232, 5, 5, 3, '0', '0', '0', '0', '0', '0', '0', '0', '0', '0', '0', '0', '0', '0'),
(233, 5, 6, 1, '0', '0', '0', '0', '0', '0', '0', '0', '0', '0', '0', '0', '0', '0'),
(234, 5, 6, 2, '0', '0', '0', '0', '0', '0', '0', '0', '0', '0', '0', '0', '0', '0'),
(235, 5, 6, 3, '0', '0', '0', '0', '0', '0', '0', '0', '0', '0', '0', '0', '0', '0'),
(236, 5, 7, 1, '0', '0', '0', '0', '0', '0', '0', '0', '0', '0', '0', '0', '0', '0'),
(237, 5, 7, 2, '0', '0', '0', '0', '0', '0', '0', '0', '0', '0', '0', '0', '0', '0'),
(238, 5, 7, 3, '0', '0', '0', '0', '0', '0', '0', '0', '0', '0', '0', '0', '0', '0'),
(239, 5, 8, 1, '0', '0', '0', '0', '0', '0', '0', '0', '0', '0', '0', '0', '0', '0'),
(240, 5, 8, 2, '0', '0', '0', '0', '0', '0', '0', '0', '0', '0', '0', '0', '0', '0'),
(241, 5, 8, 3, '0', '0', '0', '0', '0', '0', '0', '0', '0', '0', '0', '0', '0', '0');

-- --------------------------------------------------------

--
-- Table structure for table `user`
--

DROP TABLE IF EXISTS `user`;
CREATE TABLE IF NOT EXISTS `user` (
  `id` int(11) NOT NULL AUTO_INCREMENT,
  `username` varchar(255) COLLATE utf8_unicode_ci NOT NULL,
  `password` varchar(255) COLLATE utf8_unicode_ci NOT NULL,
  `role` enum('admin','direktor','profesor','ucitelj','roditelj') COLLATE utf8_unicode_ci NOT NULL,
  `loged_in` enum('0','1') COLLATE utf8_unicode_ci NOT NULL DEFAULT '0',
  `activated` enum('1','0') COLLATE utf8_unicode_ci NOT NULL DEFAULT '1',
  PRIMARY KEY (`id`)
) ENGINE=InnoDB AUTO_INCREMENT=6 DEFAULT CHARSET=utf8 COLLATE=utf8_unicode_ci;

--
-- Dumping data for table `user`
--

INSERT INTO `user` (`id`, `username`, `password`, `role`, `loged_in`, `activated`) VALUES
(1, 'Sasa.Matic', '$2y$12$zS8poOaJLnc/YqJkHS.Z6O7EgD2LTsfX53oWkLQZCI.BjTY0XoGI6', 'admin', '0', '1'),
(2, 'Aca.Lukas', '$2y$10$yivSYALCZKmcvKktyvX/CePjQ1wvkqtP671HtaLIDW.QnzAqgndh6', 'profesor', '0', '1'),
(3, 'Srebrenka.Srebrnic', '$2y$10$6xYY9jCQFIN8Qs1GMiTtceQk5bNnuzU7W2lhYTsjl/RFm0kL6jmq.', 'roditelj', '0', '1'),
(4, 'Matei.Cina', '$2y$10$X3KUSrX8CoLyWtRVnvGZmuqOIKkmW9RUighJvVtL0KuxZPn4JqNX2', 'ucitelj', '1', '1'),
(5, 'Isidora.Bijelica', '$2y$10$W5zJybB2PnXb57Nj30JejO2MnetIOP75ZJKpYk6UihRtihM0AnuMC', 'roditelj', '1', '1');

-- --------------------------------------------------------

--
-- Stand-in structure for view `view_massimo`
-- (See below for the actual view)
--
DROP VIEW IF EXISTS `view_massimo`;
CREATE TABLE IF NOT EXISTS `view_massimo` (
`id` int(11)
,`first_name` varchar(255)
,`last_name` varchar(255)
,`ocena` text
,`predmet` varchar(255)
,`razred` int(11)
,`odeljenje` int(11)
);

-- --------------------------------------------------------

--
-- Stand-in structure for view `view_massimo_odeljenje-profesor`
-- (See below for the actual view)
--
DROP VIEW IF EXISTS `view_massimo_odeljenje-profesor`;
CREATE TABLE IF NOT EXISTS `view_massimo_odeljenje-profesor` (
`razred` int(11)
,`odeljenje` int(11)
,`id` int(11)
,`first_name` varchar(255)
,`last_name` varchar(255)
,`predmet` varchar(255)
,`predmet_id` int(11)
);

-- --------------------------------------------------------

--
-- Stand-in structure for view `view_massimo_odeljenje-ucenici`
-- (See below for the actual view)
--
DROP VIEW IF EXISTS `view_massimo_odeljenje-ucenici`;
CREATE TABLE IF NOT EXISTS `view_massimo_odeljenje-ucenici` (
`razred` int(11)
,`odeljenje` int(11)
,`ucenik_id` int(11)
,`ucenik_ime` varchar(255)
,`ucenik_prezime` varchar(255)
);

-- --------------------------------------------------------

--
-- Stand-in structure for view `view_massimo_odeljenje-ucitelj`
-- (See below for the actual view)
--
DROP VIEW IF EXISTS `view_massimo_odeljenje-ucitelj`;
CREATE TABLE IF NOT EXISTS `view_massimo_odeljenje-ucitelj` (
`razred` int(11)
,`odeljenje` int(11)
,`id` int(11)
,`first_name` varchar(255)
,`last_name` varchar(255)
);

-- --------------------------------------------------------

--
-- Stand-in structure for view `view_massimo_opravdanja_profesor`
-- (See below for the actual view)
--
DROP VIEW IF EXISTS `view_massimo_opravdanja_profesor`;
CREATE TABLE IF NOT EXISTS `view_massimo_opravdanja_profesor` (
`id` int(11)
,`procitano` enum('0','1')
,`roditelj_id` int(11)
,`roditelj_ime` varchar(255)
,`roditelj_prezime` varchar(255)
,`ucenik_id` int(11)
,`ucenik_ime` varchar(255)
,`ucenik_prezime` varchar(255)
,`profesor_id` int(11)
,`profesor_ime` varchar(255)
,`profesor_prezime` varchar(255)
,`sadrzaj` text
,`slika` varchar(255)
,`vreme` timestamp
);

-- --------------------------------------------------------

--
-- Stand-in structure for view `view_massimo_opravdanja_ucitelji`
-- (See below for the actual view)
--
DROP VIEW IF EXISTS `view_massimo_opravdanja_ucitelji`;
CREATE TABLE IF NOT EXISTS `view_massimo_opravdanja_ucitelji` (
`id` int(11)
,`procitano` enum('0','1')
,`roditelj_id` int(11)
,`roditelj_ime` varchar(255)
,`roditelj_prezime` varchar(255)
,`ucenik_id` int(11)
,`ucenik_ime` varchar(255)
,`ucenik_prezime` varchar(255)
,`ucitelj_id` int(11)
,`ucitelj_ime` varchar(255)
,`ucitelj_prezime` varchar(255)
,`sadrzaj` text
,`slika` varchar(255)
,`vreme` timestamp
);

-- --------------------------------------------------------

--
-- Stand-in structure for view `view_massimo_posts`
-- (See below for the actual view)
--
DROP VIEW IF EXISTS `view_massimo_posts`;
CREATE TABLE IF NOT EXISTS `view_massimo_posts` (
`id` int(11)
,`title` varchar(255)
,`slug` varchar(255)
,`body` text
,`created_at` timestamp
,`user_id` int(11)
,`username` varchar(255)
,`role` enum('admin','direktor','profesor','ucitelj','roditelj')
);

-- --------------------------------------------------------

--
-- Stand-in structure for view `view_massimo_predmeti_po_razredima`
-- (See below for the actual view)
--
DROP VIEW IF EXISTS `view_massimo_predmeti_po_razredima`;
CREATE TABLE IF NOT EXISTS `view_massimo_predmeti_po_razredima` (
`id` int(11)
,`predmet` varchar(255)
,`razred` int(11)
);

-- --------------------------------------------------------

--
-- Stand-in structure for view `view_massimo_razredi-profesor`
-- (See below for the actual view)
--
DROP VIEW IF EXISTS `view_massimo_razredi-profesor`;
CREATE TABLE IF NOT EXISTS `view_massimo_razredi-profesor` (
`ucenik_id` int(11)
,`ucenik_ime` varchar(255)
,`ucenik_prezime` varchar(255)
,`roditelj_ime` varchar(255)
,`roditelj_prezime` varchar(255)
,`razred` int(11)
,`odeljenje` int(11)
,`razredni_ime` varchar(255)
,`razredni_prezime` varchar(255)
,`user_id` int(11)
,`profesor_user_id` int(11)
);

-- --------------------------------------------------------

--
-- Stand-in structure for view `view_massimo_razredi-ucitelj`
-- (See below for the actual view)
--
DROP VIEW IF EXISTS `view_massimo_razredi-ucitelj`;
CREATE TABLE IF NOT EXISTS `view_massimo_razredi-ucitelj` (
`ucenik_id` int(11)
,`ucenik_ime` varchar(255)
,`ucenik_prezime` varchar(255)
,`roditelj_ime` varchar(255)
,`roditelj_prezime` varchar(255)
,`razred` int(11)
,`odeljenje` int(11)
,`ucitelj_ime` varchar(255)
,`ucitelj_prezime` varchar(255)
,`user_id` int(11)
,`ucitelj_user_id` int(11)
);

-- --------------------------------------------------------

--
-- Stand-in structure for view `view_massimo_roditelj-ucenik`
-- (See below for the actual view)
--
DROP VIEW IF EXISTS `view_massimo_roditelj-ucenik`;
CREATE TABLE IF NOT EXISTS `view_massimo_roditelj-ucenik` (
`id` int(11)
,`ime` varchar(255)
,`prezime` varchar(255)
,`jmbg` int(11)
,`dete_ime` varchar(255)
,`dete_prezime` varchar(255)
);

-- --------------------------------------------------------

--
-- Stand-in structure for view `view_ocena-odeljenje-razred`
-- (See below for the actual view)
--
DROP VIEW IF EXISTS `view_ocena-odeljenje-razred`;
CREATE TABLE IF NOT EXISTS `view_ocena-odeljenje-razred` (
`ocena` text
,`razred_id` int(11)
,`odeljenje_id` int(11)
,`predmet` varchar(255)
);

-- --------------------------------------------------------

--
-- Stand-in structure for view `view_otvorena_vrata`
-- (See below for the actual view)
--
DROP VIEW IF EXISTS `view_otvorena_vrata`;
CREATE TABLE IF NOT EXISTS `view_otvorena_vrata` (
`id` int(11)
,`ucitelj_id` int(11)
,`profesor_id` int(11)
,`roditelj_id` int(11)
,`roditelj_ime` varchar(255)
,`roditelj_prezime` varchar(255)
,`ucenik_ime` varchar(255)
,`ucenik_prezime` varchar(255)
,`status` int(11)
);

-- --------------------------------------------------------

--
-- Stand-in structure for view `view_otvorena_vrata_roditelj`
-- (See below for the actual view)
--
DROP VIEW IF EXISTS `view_otvorena_vrata_roditelj`;
CREATE TABLE IF NOT EXISTS `view_otvorena_vrata_roditelj` (
`roditelj_id` int(11)
,`roditelj_firs_name` varchar(255)
,`roditelj_last_name` varchar(255)
,`ucenik` int(11)
,`predmet_id` int(11)
,`predmet` varchar(255)
,`profesor_first_name` varchar(255)
,`profesor_last_name` varchar(255)
,`otvorena_vrata` varchar(11)
,`status_otvorena_vrata` int(11)
);

-- --------------------------------------------------------

--
-- Stand-in structure for view `view_otvorena_vrata_ucitelj`
-- (See below for the actual view)
--
DROP VIEW IF EXISTS `view_otvorena_vrata_ucitelj`;
CREATE TABLE IF NOT EXISTS `view_otvorena_vrata_ucitelj` (
`ucenik_id` int(11)
,`ucitelj_first_name` varchar(255)
,`ucitelj_last_name` varchar(255)
,`otvorena_vrata` varchar(20)
,`status` int(11)
);

-- --------------------------------------------------------

--
-- Stand-in structure for view `view_otvorena_vrata_zakazivanje`
-- (See below for the actual view)
--
DROP VIEW IF EXISTS `view_otvorena_vrata_zakazivanje`;
CREATE TABLE IF NOT EXISTS `view_otvorena_vrata_zakazivanje` (
`roditelj_id` int(11)
,`roditelj_firs_name` varchar(255)
,`roditelj_last_name` varchar(255)
,`ucenik` int(11)
,`predmet_id` int(11)
,`predmet` varchar(255)
,`profesor_first_name` varchar(255)
,`profesor_last_name` varchar(255)
,`otvorena_vrata` varchar(11)
,`profesor_id` int(11)
);

-- --------------------------------------------------------

--
-- Stand-in structure for view `view_ucenik-roditelj`
-- (See below for the actual view)
--
DROP VIEW IF EXISTS `view_ucenik-roditelj`;
CREATE TABLE IF NOT EXISTS `view_ucenik-roditelj` (
`ucenik_id` int(11)
,`ucenik_ime` varchar(255)
,`ucenik_prezime` varchar(255)
,`roditelj_id` int(11)
,`roditelj_ime` varchar(255)
,`roditelj_prezime` varchar(255)
,`razred` int(11)
,`odeljenje` int(11)
);

-- --------------------------------------------------------

--
-- Table structure for table `zahtevi`
--

DROP TABLE IF EXISTS `zahtevi`;
CREATE TABLE IF NOT EXISTS `zahtevi` (
  `id` int(11) NOT NULL AUTO_INCREMENT,
  `profesor_id` int(11) DEFAULT NULL,
  `ucitelj_id` int(11) DEFAULT NULL,
  `roditelj_id` int(11) DEFAULT NULL,
  `dan` varchar(15) COLLATE utf8_unicode_ci NOT NULL,
  `time` varchar(15) COLLATE utf8_unicode_ci NOT NULL,
  `approved` varchar(20) COLLATE utf8_unicode_ci NOT NULL,
  PRIMARY KEY (`id`)
) ENGINE=MyISAM DEFAULT CHARSET=utf8 COLLATE=utf8_unicode_ci;

-- --------------------------------------------------------

--
-- Structure for view `view_massimo`
--
DROP TABLE IF EXISTS `view_massimo`;

CREATE ALGORITHM=UNDEFINED DEFINER=`root`@`localhost` SQL SECURITY DEFINER VIEW `view_massimo`  AS  select `ucenik`.`id` AS `id`,`ucenik`.`first_name` AS `first_name`,`ucenik`.`last_name` AS `last_name`,`ocene`.`ocena` AS `ocena`,`predmet`.`predmet` AS `predmet`,`razred`.`razred` AS `razred`,`odeljenje`.`odeljenje` AS `odeljenje` from ((((`ucenik` join `ocene` on((`ocene`.`ucenik_id` = `ucenik`.`id`))) join `predmet` on((`ocene`.`predmet_id` = `predmet`.`id`))) join `razred` on((`ucenik`.`razred_id` = `razred`.`id`))) join `odeljenje` on((`ucenik`.`odeljenje_id` = `odeljenje`.`id`))) ;

-- --------------------------------------------------------

--
-- Structure for view `view_massimo_odeljenje-profesor`
--
DROP TABLE IF EXISTS `view_massimo_odeljenje-profesor`;

CREATE ALGORITHM=UNDEFINED DEFINER=`root`@`localhost` SQL SECURITY DEFINER VIEW `view_massimo_odeljenje-profesor`  AS  select `razred`.`razred` AS `razred`,`odeljenje`.`odeljenje` AS `odeljenje`,`profesor`.`id` AS `id`,`profesor`.`first_name` AS `first_name`,`profesor`.`last_name` AS `last_name`,`predmet`.`predmet` AS `predmet`,`predmet`.`id` AS `predmet_id` from ((((`staresina` join `razred` on((`staresina`.`razred_id` = `razred`.`id`))) join `odeljenje` on((`staresina`.`odeljenje_id` = `odeljenje`.`id`))) join `profesor` on((`staresina`.`profesor_id` = `profesor`.`id`))) join `predmet` on((`profesor`.`predmet_id` = `predmet`.`id`))) ;

-- --------------------------------------------------------

--
-- Structure for view `view_massimo_odeljenje-ucenici`
--
DROP TABLE IF EXISTS `view_massimo_odeljenje-ucenici`;

CREATE ALGORITHM=UNDEFINED DEFINER=`root`@`localhost` SQL SECURITY DEFINER VIEW `view_massimo_odeljenje-ucenici`  AS  select `razred`.`razred` AS `razred`,`odeljenje`.`odeljenje` AS `odeljenje`,`ucenik`.`id` AS `ucenik_id`,`ucenik`.`first_name` AS `ucenik_ime`,`ucenik`.`last_name` AS `ucenik_prezime` from ((`ucenik` join `razred` on((`ucenik`.`razred_id` = `razred`.`id`))) join `odeljenje` on((`ucenik`.`odeljenje_id` = `odeljenje`.`id`))) ;

-- --------------------------------------------------------

--
-- Structure for view `view_massimo_odeljenje-ucitelj`
--
DROP TABLE IF EXISTS `view_massimo_odeljenje-ucitelj`;

CREATE ALGORITHM=UNDEFINED DEFINER=`root`@`localhost` SQL SECURITY DEFINER VIEW `view_massimo_odeljenje-ucitelj`  AS  select `razred`.`razred` AS `razred`,`odeljenje`.`odeljenje` AS `odeljenje`,`ucitelj`.`id` AS `id`,`ucitelj`.`first_name` AS `first_name`,`ucitelj`.`last_name` AS `last_name` from (((`staresina` join `razred` on((`staresina`.`razred_id` = `razred`.`id`))) join `odeljenje` on((`staresina`.`odeljenje_id` = `odeljenje`.`id`))) join `ucitelj` on((`staresina`.`ucitelj_id` = `ucitelj`.`id`))) ;

-- --------------------------------------------------------

--
-- Structure for view `view_massimo_opravdanja_profesor`
--
DROP TABLE IF EXISTS `view_massimo_opravdanja_profesor`;

CREATE ALGORITHM=UNDEFINED DEFINER=`root`@`localhost` SQL SECURITY DEFINER VIEW `view_massimo_opravdanja_profesor`  AS  select `opravdanja`.`id` AS `id`,`opravdanja`.`procitano` AS `procitano`,`roditelj`.`id` AS `roditelj_id`,`roditelj`.`first_name` AS `roditelj_ime`,`roditelj`.`last_name` AS `roditelj_prezime`,`ucenik`.`id` AS `ucenik_id`,`ucenik`.`first_name` AS `ucenik_ime`,`ucenik`.`last_name` AS `ucenik_prezime`,`profesor`.`id` AS `profesor_id`,`profesor`.`first_name` AS `profesor_ime`,`profesor`.`last_name` AS `profesor_prezime`,`opravdanja`.`sadrzaj` AS `sadrzaj`,`opravdanja`.`slika` AS `slika`,`opravdanja`.`vreme` AS `vreme` from (((`opravdanja` join `roditelj` on((`opravdanja`.`roditelj_id` = `roditelj`.`id`))) join `ucenik` on((`roditelj`.`ucenik_id` = `ucenik`.`id`))) join `profesor` on((`opravdanja`.`profesor_id` = `profesor`.`id`))) ;

-- --------------------------------------------------------

--
-- Structure for view `view_massimo_opravdanja_ucitelji`
--
DROP TABLE IF EXISTS `view_massimo_opravdanja_ucitelji`;

CREATE ALGORITHM=UNDEFINED DEFINER=`root`@`localhost` SQL SECURITY DEFINER VIEW `view_massimo_opravdanja_ucitelji`  AS  select `opravdanja`.`id` AS `id`,`opravdanja`.`procitano` AS `procitano`,`roditelj`.`id` AS `roditelj_id`,`roditelj`.`first_name` AS `roditelj_ime`,`roditelj`.`last_name` AS `roditelj_prezime`,`ucenik`.`id` AS `ucenik_id`,`ucenik`.`first_name` AS `ucenik_ime`,`ucenik`.`last_name` AS `ucenik_prezime`,`ucitelj`.`id` AS `ucitelj_id`,`ucitelj`.`first_name` AS `ucitelj_ime`,`ucitelj`.`last_name` AS `ucitelj_prezime`,`opravdanja`.`sadrzaj` AS `sadrzaj`,`opravdanja`.`slika` AS `slika`,`opravdanja`.`vreme` AS `vreme` from (((`opravdanja` join `roditelj` on((`opravdanja`.`roditelj_id` = `roditelj`.`id`))) join `ucenik` on((`roditelj`.`ucenik_id` = `ucenik`.`id`))) join `ucitelj` on((`opravdanja`.`ucitelj_id` = `ucitelj`.`id`))) ;

-- --------------------------------------------------------

--
-- Structure for view `view_massimo_posts`
--
DROP TABLE IF EXISTS `view_massimo_posts`;

CREATE ALGORITHM=UNDEFINED DEFINER=`root`@`localhost` SQL SECURITY DEFINER VIEW `view_massimo_posts`  AS  select `posts`.`id` AS `id`,`posts`.`title` AS `title`,`posts`.`slug` AS `slug`,`posts`.`body` AS `body`,`posts`.`created_at` AS `created_at`,`posts`.`user_id` AS `user_id`,`user`.`username` AS `username`,`user`.`role` AS `role` from (`posts` join `user` on((`posts`.`user_id` = `user`.`id`))) ;

-- --------------------------------------------------------

--
-- Structure for view `view_massimo_predmeti_po_razredima`
--
DROP TABLE IF EXISTS `view_massimo_predmeti_po_razredima`;

CREATE ALGORITHM=UNDEFINED DEFINER=`root`@`localhost` SQL SECURITY DEFINER VIEW `view_massimo_predmeti_po_razredima`  AS  select `predmet`.`id` AS `id`,`predmet`.`predmet` AS `predmet`,`razred`.`razred` AS `razred` from ((`predmeti_po_razredima` join `predmet` on((`predmeti_po_razredima`.`predmet_id` = `predmet`.`id`))) join `razred` on((`predmeti_po_razredima`.`razred_id` = `razred`.`id`))) ;

-- --------------------------------------------------------

--
-- Structure for view `view_massimo_razredi-profesor`
--
DROP TABLE IF EXISTS `view_massimo_razredi-profesor`;

CREATE ALGORITHM=UNDEFINED DEFINER=`root`@`localhost` SQL SECURITY DEFINER VIEW `view_massimo_razredi-profesor`  AS  select `ucenik`.`id` AS `ucenik_id`,`ucenik`.`first_name` AS `ucenik_ime`,`ucenik`.`last_name` AS `ucenik_prezime`,`roditelj`.`first_name` AS `roditelj_ime`,`roditelj`.`last_name` AS `roditelj_prezime`,`razred`.`razred` AS `razred`,`odeljenje`.`odeljenje` AS `odeljenje`,`profesor`.`first_name` AS `razredni_ime`,`profesor`.`last_name` AS `razredni_prezime`,`profesor`.`user_id` AS `user_id`,`profesor`.`user_id` AS `profesor_user_id` from ((((`ucenik` join `roditelj` on((`roditelj`.`ucenik_id` = `ucenik`.`id`))) join `razred` on((`ucenik`.`razred_id` = `razred`.`id`))) join `odeljenje` on((`ucenik`.`odeljenje_id` = `odeljenje`.`id`))) join `profesor` on((`ucenik`.`profesor_id` = `profesor`.`id`))) ;

-- --------------------------------------------------------

--
-- Structure for view `view_massimo_razredi-ucitelj`
--
DROP TABLE IF EXISTS `view_massimo_razredi-ucitelj`;

CREATE ALGORITHM=UNDEFINED DEFINER=`root`@`localhost` SQL SECURITY DEFINER VIEW `view_massimo_razredi-ucitelj`  AS  select `ucenik`.`id` AS `ucenik_id`,`ucenik`.`first_name` AS `ucenik_ime`,`ucenik`.`last_name` AS `ucenik_prezime`,`roditelj`.`first_name` AS `roditelj_ime`,`roditelj`.`last_name` AS `roditelj_prezime`,`razred`.`razred` AS `razred`,`odeljenje`.`odeljenje` AS `odeljenje`,`ucitelj`.`first_name` AS `ucitelj_ime`,`ucitelj`.`last_name` AS `ucitelj_prezime`,`ucitelj`.`user_id` AS `user_id`,`ucitelj`.`user_id` AS `ucitelj_user_id` from ((((`ucenik` join `roditelj` on((`roditelj`.`ucenik_id` = `ucenik`.`id`))) join `razred` on((`ucenik`.`razred_id` = `razred`.`id`))) join `odeljenje` on((`ucenik`.`odeljenje_id` = `odeljenje`.`id`))) join `ucitelj` on((`ucenik`.`ucitelj_id` = `ucitelj`.`id`))) ;

-- --------------------------------------------------------

--
-- Structure for view `view_massimo_roditelj-ucenik`
--
DROP TABLE IF EXISTS `view_massimo_roditelj-ucenik`;

CREATE ALGORITHM=UNDEFINED DEFINER=`root`@`localhost` SQL SECURITY DEFINER VIEW `view_massimo_roditelj-ucenik`  AS  select `roditelj`.`id` AS `id`,`roditelj`.`first_name` AS `ime`,`roditelj`.`last_name` AS `prezime`,`roditelj`.`jmbg` AS `jmbg`,`ucenik`.`first_name` AS `dete_ime`,`ucenik`.`last_name` AS `dete_prezime` from (`roditelj` join `ucenik` on((`roditelj`.`ucenik_id` = `ucenik`.`id`))) ;

-- --------------------------------------------------------

--
-- Structure for view `view_ocena-odeljenje-razred`
--
DROP TABLE IF EXISTS `view_ocena-odeljenje-razred`;

CREATE ALGORITHM=UNDEFINED DEFINER=`root`@`localhost` SQL SECURITY DEFINER VIEW `view_ocena-odeljenje-razred`  AS  select `ocene`.`ocena` AS `ocena`,`ucenik`.`razred_id` AS `razred_id`,`ucenik`.`odeljenje_id` AS `odeljenje_id`,`predmet`.`predmet` AS `predmet` from ((`ocene` join `ucenik` on((`ocene`.`ucenik_id` = `ucenik`.`id`))) join `predmet` on((`ocene`.`predmet_id` = `predmet`.`id`))) ;

-- --------------------------------------------------------

--
-- Structure for view `view_otvorena_vrata`
--
DROP TABLE IF EXISTS `view_otvorena_vrata`;

CREATE ALGORITHM=UNDEFINED DEFINER=`root`@`localhost` SQL SECURITY DEFINER VIEW `view_otvorena_vrata`  AS  select `otvorena_vrata`.`id` AS `id`,`otvorena_vrata`.`ucitelj_id` AS `ucitelj_id`,`otvorena_vrata`.`profesor_id` AS `profesor_id`,`otvorena_vrata`.`roditelj_id` AS `roditelj_id`,`roditelj`.`first_name` AS `roditelj_ime`,`roditelj`.`last_name` AS `roditelj_prezime`,`ucenik`.`first_name` AS `ucenik_ime`,`ucenik`.`last_name` AS `ucenik_prezime`,`otvorena_vrata`.`status` AS `status` from ((`otvorena_vrata` join `roditelj` on((`otvorena_vrata`.`roditelj_id` = `roditelj`.`id`))) join `ucenik` on((`roditelj`.`ucenik_id` = `ucenik`.`id`))) ;

-- --------------------------------------------------------

--
-- Structure for view `view_otvorena_vrata_roditelj`
--
DROP TABLE IF EXISTS `view_otvorena_vrata_roditelj`;

CREATE ALGORITHM=UNDEFINED DEFINER=`root`@`localhost` SQL SECURITY DEFINER VIEW `view_otvorena_vrata_roditelj`  AS  select `roditelj`.`id` AS `roditelj_id`,`roditelj`.`first_name` AS `roditelj_firs_name`,`roditelj`.`last_name` AS `roditelj_last_name`,`ucenik`.`id` AS `ucenik`,`predmeti_po_razredima`.`id` AS `predmet_id`,`predmet`.`predmet` AS `predmet`,`profesor`.`first_name` AS `profesor_first_name`,`profesor`.`last_name` AS `profesor_last_name`,`profesor`.`otvorena_vrata` AS `otvorena_vrata`,`otvorena_vrata`.`status` AS `status_otvorena_vrata` from (((((`roditelj` join `ucenik` on((`roditelj`.`ucenik_id` = `ucenik`.`id`))) join `predmeti_po_razredima` on((`ucenik`.`razred_id` = `predmeti_po_razredima`.`razred_id`))) join `predmet` on((`predmeti_po_razredima`.`predmet_id` = `predmet`.`id`))) join `profesor` on((`predmet`.`id` = `profesor`.`predmet_id`))) join `otvorena_vrata` on((`profesor`.`id` = `otvorena_vrata`.`profesor_id`))) ;

-- --------------------------------------------------------

--
-- Structure for view `view_otvorena_vrata_ucitelj`
--
DROP TABLE IF EXISTS `view_otvorena_vrata_ucitelj`;

CREATE ALGORITHM=UNDEFINED DEFINER=`root`@`localhost` SQL SECURITY DEFINER VIEW `view_otvorena_vrata_ucitelj`  AS  select `ucenik`.`id` AS `ucenik_id`,`ucitelj`.`first_name` AS `ucitelj_first_name`,`ucitelj`.`last_name` AS `ucitelj_last_name`,`ucitelj`.`otvorena_vrata` AS `otvorena_vrata`,`otvorena_vrata`.`status` AS `status` from ((`ucenik` join `ucitelj` on((`ucenik`.`ucitelj_id` = `ucitelj`.`id`))) join `otvorena_vrata` on((`ucitelj`.`id` = `otvorena_vrata`.`ucitelj_id`))) ;

-- --------------------------------------------------------

--
-- Structure for view `view_otvorena_vrata_zakazivanje`
--
DROP TABLE IF EXISTS `view_otvorena_vrata_zakazivanje`;

CREATE ALGORITHM=UNDEFINED DEFINER=`root`@`localhost` SQL SECURITY DEFINER VIEW `view_otvorena_vrata_zakazivanje`  AS  select `roditelj`.`id` AS `roditelj_id`,`roditelj`.`first_name` AS `roditelj_firs_name`,`roditelj`.`last_name` AS `roditelj_last_name`,`ucenik`.`id` AS `ucenik`,`predmeti_po_razredima`.`id` AS `predmet_id`,`predmet`.`predmet` AS `predmet`,`profesor`.`first_name` AS `profesor_first_name`,`profesor`.`last_name` AS `profesor_last_name`,`profesor`.`otvorena_vrata` AS `otvorena_vrata`,`profesor`.`id` AS `profesor_id` from ((((`roditelj` join `ucenik` on((`roditelj`.`ucenik_id` = `ucenik`.`id`))) join `predmeti_po_razredima` on((`ucenik`.`razred_id` = `predmeti_po_razredima`.`razred_id`))) join `predmet` on((`predmeti_po_razredima`.`predmet_id` = `predmet`.`id`))) join `profesor` on((`predmet`.`id` = `profesor`.`predmet_id`))) ;

-- --------------------------------------------------------

--
-- Structure for view `view_ucenik-roditelj`
--
DROP TABLE IF EXISTS `view_ucenik-roditelj`;

CREATE ALGORITHM=UNDEFINED DEFINER=`root`@`localhost` SQL SECURITY DEFINER VIEW `view_ucenik-roditelj`  AS  select `ucenik`.`id` AS `ucenik_id`,`ucenik`.`first_name` AS `ucenik_ime`,`ucenik`.`last_name` AS `ucenik_prezime`,`roditelj`.`id` AS `roditelj_id`,`roditelj`.`first_name` AS `roditelj_ime`,`roditelj`.`last_name` AS `roditelj_prezime`,`ucenik`.`razred_id` AS `razred`,`ucenik`.`odeljenje_id` AS `odeljenje` from (`ucenik` join `roditelj` on((`roditelj`.`ucenik_id` = `ucenik`.`id`))) ;

--
-- Constraints for dumped tables
--

--
-- Constraints for table `admin`
--
ALTER TABLE `admin`
  ADD CONSTRAINT `admin_ibfk_1` FOREIGN KEY (`user_id`) REFERENCES `user` (`id`);

--
-- Constraints for table `direktor`
--
ALTER TABLE `direktor`
  ADD CONSTRAINT `direktor_ibfk_1` FOREIGN KEY (`user_id`) REFERENCES `user` (`id`);

--
-- Constraints for table `predmeti_po_razredima`
--
ALTER TABLE `predmeti_po_razredima`
  ADD CONSTRAINT `predmeti_po_razredima_ibfk_1` FOREIGN KEY (`predmet_id`) REFERENCES `predmet` (`id`),
  ADD CONSTRAINT `predmeti_po_razredima_ibfk_2` FOREIGN KEY (`razred_id`) REFERENCES `razred` (`id`);
COMMIT;

/*!40101 SET CHARACTER_SET_CLIENT=@OLD_CHARACTER_SET_CLIENT */;
/*!40101 SET CHARACTER_SET_RESULTS=@OLD_CHARACTER_SET_RESULTS */;
/*!40101 SET COLLATION_CONNECTION=@OLD_COLLATION_CONNECTION */;
